"X1","X2","X3","X4","X5","X6","X7","X8","X9","X10","X11","X12","X13","X14","X15","X16","X17","X18","X19","X20","X21","X22","X23","X24","X25","X26","X27","X28","X29","X30","X31","X32","X33","X34","X35","X36","X37","X38","X39","X40","X41","X42","X43","X44","X45","X46","X47","X48","X49","X50","y"
3.00928250089766,3.2177748906181,1.78956588649981,1.44461300672693,2.25410569715329,1.37855358367834,0.486928355529922,1.74967830881305,1.45808690421203,-0.273284084372014,-0.770613467048848,-0.804597486600873,-1.48343129653842,-0.834847278046672,-1.283361727603,-1.38323048667711,-1.20898718732672,-1.12078046724082,0.0693856071723746,0.509944116457779,1.19988760090136,1.08465127139402,1.21741495508869,0.840101500955657,0.125179920396207,0.0148731851942674,-0.15440755358607,-0.321167500822966,-0.278686813432158,0.165706282923566,0.142194960475092,1.27492915382989,0.852381882424766,0.480236517200294,0.534777960422567,0.904315078611274,0.75979124621189,0.104822628534727,0.0346630712561301,0.772840719678806,0.451045365785437,1.922570849628,1.85329527425887,0.84254334015957,1.73327586573095,1.52464996717874,0.260343771559942,-1.59280079525321,-0.128642857032184,0.859337773017512,90.2839897281687
-0.416843649277879,-0.155916000566735,-0.443647184411216,0.444267916447678,0.87871674256855,1.24314276285835,0.568890595329556,0.319825744415654,-0.548502717034249,-0.160416697686617,-0.0231458535935087,-1.5642124089028,-1.05109327913986,-0.163077930999112,0.422764173156864,-0.0884195643839316,0.0487566124360855,1.70159472705975,0.440471414741384,0.775120945152231,1.18276919904804,0.90817397636458,1.36697348241495,0.993890137073788,-0.23945138126621,0.66273703909027,1.07221465781732,-0.142509742740675,-0.333788546464673,-0.743271326692621,-0.445862297596935,-0.926794675511484,-1.42059165434319,-0.700865718843853,-0.268855492075668,0.356015894929206,-0.35451014153464,0.422077918640926,0.313956380231979,-0.369095115737533,-0.0359617016739805,-0.253426311759284,0.0062491150456761,0.647531022214452,-0.620029997700564,0.351752891858824,0.945062519037391,0.400626452927805,-0.143347497114975,-0.836236048261151,5.2492549068494
-0.233654243191202,-0.0170683378237617,0.56808335629962,-0.0682842499130552,0.165470592928613,-0.507278380530528,-0.307291105345751,-0.491979754321208,-1.48667399577255,-0.752451385233854,-1.18361843561337,-2.23246414710951,-2.08753965094412,-1.33264055355851,-1.24949794360466,0.574924394393999,1.06073139071348,0.406235601157076,-0.935388211212758,-0.892128453584812,-0.59737879635468,-0.0837947074576724,0.171601606807894,0.345663150093451,0.035997560304916,-0.670080451107135,-0.626772705280898,1.02417922185699,1.02262298349273,1.45285134488762,0.980837692130262,1.07310394930206,1.65962860226328,1.06366309757164,0.440710895076495,0.135946004742898,-0.593963446311711,-0.0178474038686195,-0.541643788020814,-0.932000927376779,-0.140777694796088,-0.970891879051739,-0.29625033957749,-0.00429229851624586,0.216408234731908,0.615535225263986,-0.0381510888243474,0.112511506471036,-0.412936374031703,-0.747866104722406,-16.9890857427483
0.332429754584666,-0.421644076942293,-0.735333903659,1.10263070283571,0.39854539036437,1.08791111190138,1.66466448484203,1.65213068978855,1.75613062840349,1.08760325162885,-0.302713313744532,-0.0907164373103832,-0.473342838379527,1.06533820393481,1.10897826722953,1.14868930430058,-1.12639127800584,-0.87172331599925,0.284751873717674,-0.652947199124278,-0.256094176440335,-0.970135020559848,-0.369491045877795,-1.0280906220961,0.56861849917077,0.874762853367096,0.937732877975946,0.453578815988306,-0.768896395820216,0.449273085855933,1.43622429504082,0.796684885153115,-0.451034552802854,0.265373540339591,0.0828131334460356,0.596497895290581,0.581048817863742,1.45535677137763,1.10603680608129,-0.200334144366354,1.0571151531231,2.01008338760361,2.32175745900919,2.26773156523603,2.05865305547093,1.83213680157225,0.677973799213554,-1.00279233857041,-0.874576150918675,-1.63651315165019,7.99587910062322
0.444991255376324,0.423517165885406,0.999029581880806,0.249612995957352,-0.666498980578376,1.20662110782299,1.28077405335142,-0.62433403880343,-0.995807769607814,-1.38370483921121,-0.629489236643987,0.211639968939358,-0.102161381829629,-0.666675091697851,0.115223028300183,-0.130799525592408,-0.619063783828983,-1.70015018014268,-1.84077380855751,-1.12654219958118,-0.0167036626651267,0.31643227518852,-0.16649180284526,-0.822805325166755,-1.46812525904002,-1.23462385877221,0.199707942128761,-1.42055037764476,-0.173057399891524,0.165055276509242,1.1747308399665,2.20333866595957,1.77648529181981,1.45211389633312,0.616364730394676,0.853945209689111,0.598689061986152,0.334571334687902,0.319468378377802,-0.139813478686062,0.488541755062283,0.399554625667543,-0.305508652218696,-0.830467930136972,-0.704965324857359,-0.347252074598097,0.199569676178579,0.266654001971399,1.51265031268419,0.552841579688227,7.39483379087459
-0.576927776993527,-1.83611946037107,-0.948443439075242,-0.316257958424023,-2.11217794660751,-2.12939877569971,-1.77208834568852,-2.3488001211633,-2.25300851065308,-2.06948400692433,-1.84948580101028,-0.736738840288663,-0.655420803135881,-0.0102222006326463,1.86888797710444,1.63214920341983,0.544559259459266,1.59727550626177,1.08346395912904,1.78069445480701,1.06210838130418,0.580267058999792,1.07062196954392,0.947539913910074,0.96711340080364,0.848582580310621,0.389529779623251,0.729017732507874,0.336785569288906,-0.707363296517966,-1.60921579592455,-1.15485005145259,-1.11731719618274,-0.447513057094516,-0.827669305733404,-0.929210745113512,-0.587045291961417,-1.21447525159072,-0.420029578988861,-0.0954899351295145,-0.134784806849714,0.129119398027733,0.151352076078229,0.360047076819692,0.504291443268127,2.00731039686817,1.74882294963885,1.57930454124814,1.04619390572584,2.21709011587265,-49.5945815549707
0.977922496126614,1.57466288945074,1.79143291498033,2.86509966763954,2.36648313058142,1.78951479061409,1.66850819360498,1.23645392010305,0.699584560981917,0.238560709926173,-0.974953658054045,-1.15937048499424,-1.0941105504312,-2.04703241992385,-1.79194906010778,-0.703321366874763,0.526377134732177,-0.238424012016349,-0.314254052908851,-0.432448868208794,-0.813175904775844,-0.212045888558137,-0.44644694228501,0.243335851202858,-0.507456070757962,-0.268215913113244,-0.976250679253159,-1.17165599099245,-0.572240348181547,0.0524590524718997,0.382981814167059,0.161237956322551,0.210722929138349,0.91083637764524,1.28130410864511,0.695208826980284,0.0485327831298812,-0.45228040343362,-1.38708326162652,-0.696189226424048,-0.00549495135405736,0.217761777420037,-0.051531914911216,0.780676463487611,1.37866177522926,0.997452667344977,1.04364644459752,0.845713182774184,1.39011488204313,1.3922853144232,59.5625657308582
-0.0799187281582259,-0.0695293593257063,-0.198442927819772,0.00721020439863538,0.17525841438115,0.32851344689074,-0.902544575018783,-0.415266695436004,-0.399182202180194,0.0200398935693647,0.469998015284011,-0.155882241382747,0.992948144822503,0.0213348928815427,-1.19303953779613,-1.18648244761057,-0.287121226996481,1.72417491951786,1.21980700681963,1.10716068278092,0.499959826599268,0.235488972897644,0.313156614733984,0.368100152245182,0.108669048714341,-0.142962738120933,-0.120155025867391,-0.260711890618601,-0.912607074431788,0.418949800614169,-0.480589997918324,-0.258258416450613,-0.455876134899776,-1.73716436943904,-0.734075864739848,-1.68548762641216,-2.16485130785848,-1.91773919322049,-1.48165821575538,-1.99000832362047,-1.64220011044532,-1.79387423365729,-2.35201768433151,-1.71594630667167,-1.27541745999267,-1.10086831527113,-1.35226799613741,-0.0494844868409971,-0.0231236921351607,0.284384043432353,-1.452357831243
1.27736731370331,2.07077804893156,0.785391919764072,1.17117744086913,1.57405192063778,1.6112247618463,1.73799512123647,0.683663730513214,0.935558251860108,1.84161482776565,0.946392873889051,0.0507449785779302,0.31780931123887,-0.392427067738235,-0.164997287003633,1.35838597279127,1.25983061729462,0.94405756983304,-0.381831257331325,0.304937969300577,-0.223712429884195,-0.161135756813643,0.467334419939561,0.942351223971675,0.333972579934484,0.927584933488504,0.95886361709541,0.791611639665013,0.539727684106926,0.233192672874738,-0.959899360709784,-1.18464343675441,-0.941835725834085,0.0664081785676377,-0.54753550583198,-0.160423136982223,0.230087958057461,0.218406216041668,0.568566897427938,-0.395338423338178,1.01164478915461,0.881230547760577,0.588517170413552,1.1969803578498,1.39751655575419,1.86947006996389,2.21218799921251,-0.119386027957314,-0.547772960342481,-0.598675840782763,54.1990075254396
0.94783055860169,0.771378239913369,0.100801160332133,0.375665095284351,1.43292255577318,2.63441340977077,1.83247515906478,0.783995542277984,-0.272843821118022,-0.724374474792601,-1.53554215517738,-2.0142440309652,-1.43757813683591,-0.331134683221094,-1.63484114083637,-0.857102446321708,-1.89544888482692,-1.54533703064035,-1.92869722442851,-0.479764136410194,-0.623716839803513,-0.638789407602453,-0.710081449522952,-1.3131559564468,-0.126549202681053,0.330907801763464,0.242741006393821,0.0746154265701259,-1.22935577934343,-0.451440707641316,-0.990145615220778,-1.48596733895311,-1.1700347940229,-0.528921832384602,-0.910828303887611,-1.14964437309961,0.172221213824034,0.216968050533971,1.82839834823031,0.175619693177989,-0.0115143545635537,0.607695954114302,-0.210941452186573,0.117026261887421,0.668730054788456,0.0250320867544032,0.692740242995187,0.0272154235354258,-1.04199500115543,1.05976270751106,27.5310235111393
-0.184450545056056,1.31346641390062,0.73868080884887,-0.126587646599074,-0.431818999858183,-0.505681745408849,-0.186715733338397,0.411104943577389,0.0109145352127455,0.9331812899259,0.836080279482646,0.803446583439509,0.894908787399782,1.70323994490967,1.42939307260162,0.311150689191135,0.252233536253555,0.359911328021599,-0.543860952019176,0.635296781777645,0.199568280999457,-0.038442128556691,0.286156899845446,-0.00930766526312971,0.24321674796856,1.05906082396102,0.732245014845427,0.1298728164314,-0.433428510219064,-0.612311180254529,-0.411603169064142,0.00711865982139892,-0.269972230185769,-0.142132637576283,0.271736253243314,0.108891406794412,0.762009817311708,1.11714239772444,0.578382051797639,-0.230695611110949,0.69989073746223,0.041845163500634,0.348334012441314,-0.441730164105681,-0.991396359191781,-0.897867070827061,0.143027636379545,0.579799617315039,0.123525995353651,2.17737466278347,17.3010365637229
0.334114259669659,1.05744014536106,1.35798830545305,0.416106668526348,0.429150036681809,0.178196481630121,0.327076469832501,-0.0735517392337901,-0.579734558321458,1.27420867717496,0.765036540886314,0.456701321300495,0.866284052959785,0.466372603269623,-0.171878061807409,1.57394081946216,1.11340402079985,1.26001225787448,1.06772375996977,0.613732324395966,0.501527380139731,1.54094323341961,0.617546934725632,-0.548726956592551,-0.019297958918998,-0.606466573904037,-0.545476233629436,-0.135191149579335,0.0894773064732497,-0.620456252357583,0.0931797737586963,-0.213287359483838,0.230548302141541,0.0585509007620817,-0.174052982128394,0.0619389370365274,1.41776580194597,0.725237825065181,1.18876539006688,0.080979045725667,0.883484695757635,1.13272972189674,1.00620056600748,0.377558966709985,0.0844123857850664,0.781450508008753,1.04262441777734,0.337547245173335,-0.128725385606453,-0.90386356351661,30.8321540177977
-0.896297847436737,-0.938662508204261,-0.791889633615991,-0.617793780434697,-0.229190170411744,-1.25178835218515,-0.955532562434535,0.158733651754036,1.11735488954013,0.257948303053327,1.70695367292394,0.426103168885004,0.573042140716132,-0.356076075088442,-0.368369135949529,0.574097508729632,-0.149705208841514,0.660678553630246,1.53906744923684,1.21623946429759,1.28700018949549,0.519625869467096,0.997263822514771,0.788233318625162,1.78727706940871,0.361223668636316,0.162543699226262,0.424684882721067,0.245154385271295,-0.437663352186697,-1.2116457681001,0.13341921387383,0.720554040225654,-0.754569140684051,-0.132125231064144,-0.0736509083128288,0.491121971342851,0.534881703398729,0.409654477798334,0.443316421361239,0.685364113488484,-0.186981023769268,-1.01072547034173,-0.72853837338273,-1.43218256375659,-0.60384429003207,0.389718213747491,0.618809957308071,-0.267831648155274,0.179559974510928,-28.4006566891418
-0.821577520003804,-0.324573904539661,-0.100834157137135,1.00151009047453,1.00346421949387,1.57317470840463,0.842371942747746,0.943297719924701,0.561125322691299,0.183014411235747,-0.782120365548673,-1.01956119819872,-1.82730154353712,-2.60594268243254,-2.84566349761209,-1.4867748556331,-1.3840767425707,-1.04576646869771,-1.27739012225167,-0.646178650990469,-1.82365120019468,-0.0971300863696879,-0.844697243544745,-1.07959466249203,0.41922423769534,1.10913129548223,1.1739822687323,-0.393680454825626,-0.655009335208514,-0.238264408473593,0.491560535849292,1.17369412033312,1.26665491711816,0.320688212241034,0.810352571741869,1.44417677515374,1.22098230869304,2.26802962393548,1.47696061261988,1.62845245595657,0.00789802018312301,-0.355300096841006,-0.0453650224268581,-0.346969383619127,0.329430061424402,-0.421653048796586,-0.42387507099574,-0.0563533539555951,-0.594939927363201,-0.36219684967274,-6.30546212194302
-0.217554735611003,0.391085863216673,0.989212695481072,-0.0453229822949419,0.732915575054578,1.24913734702811,0.039326880025514,-0.568914050744575,-0.670869678252953,-0.782884706521823,0.277868624508929,-0.15060568581634,0.224751067795353,0.616225993928362,-0.774745409643044,0.0443552671002623,0.268352762135792,0.223245450244857,1.02070809939278,0.924410049009352,0.641294322842306,0.141491761306931,0.0910026145006858,-1.93395655843234,-0.459381146568774,-1.20729192025293,-0.497601628079856,0.798717991291404,-0.0922282280705107,1.10449149349787,1.41448001076855,1.24820062237457,0.0115829328489017,0.436668816177603,0.111425580668089,-0.0839159640961811,-0.919923030748294,-0.648583438946754,-1.07560488635656,0.583048739072367,-0.304474639500322,-2.02574810731305,-2.07791554322463,-1.28596441140189,-0.387865635280936,-0.980638080379295,-0.826786377030394,-0.333122428829308,0.0725742931211952,-0.117620209502345,6.18272407012425
0.826378176758934,1.09017570813098,1.5879879488372,1.75717656838288,0.520223969076437,-0.089847780276961,0.332923370966351,0.597067214029971,0.59599492964046,-0.920262377753266,-0.415966274644568,-1.89418763809892,-0.417173595942957,0.969060687552427,2.23297162234867,0.496843136641754,0.960242526836973,1.27740533791191,0.262555360434776,0.24973146978785,0.416271038599093,0.196157566102518,0.293059995918469,-1.02626921766082,-0.168981045169287,-0.423417859242868,-1.02965774908682,0.0709858638717036,-0.369315784320767,-0.838875619835926,-0.657853314507994,-1.32257770610375,-0.470980548042094,0.539938629800884,1.30292565577044,0.538601718395238,0.755487087818516,0.559403687485657,0.758416145807783,-0.129886291238278,0.243979129086754,0.432790082628348,0.439812074005174,0.941527449250631,0.456547858714032,-0.639294868629158,-0.607415868716476,-0.955874180931505,-0.767583211665073,-2.56515400083066,39.0124465718705
0.573970922712725,-0.065575311811638,0.0202043694237617,0.499505832229885,-0.266081945706986,0.642525427613053,1.23530607899711,0.1785870288442,0.908843522924444,0.239462463173008,-0.588675296344961,0.0425838826612383,-0.15709284615575,-0.562090608497335,-0.966272942455867,0.551060963857739,0.924264060486547,-0.145433768277539,0.0501118149875168,0.871095701965399,0.28345212553793,0.078440944406797,-0.142141460459687,0.668869346294779,1.29345475638459,0.79197340184655,2.28837737524068,1.47523278084648,0.765811546728446,0.54812143258137,1.64841839955699,0.780352552092571,-0.398711249168313,-0.187762485777316,-0.401660787737162,-0.256465022934157,-0.149273908439727,-0.0617452820131106,-1.05574080520803,0.678953815486849,0.252991765363335,-0.80852126003974,-1.59565796710773,-0.0705661742217916,0.798154113600525,1.260541296611,1.69591187063305,1.33457849016373,1.06847184756007,0.198417722058522,7.29778914921889
-0.355735424603231,-0.927147008566179,-1.7869924789527,-1.10523119006329,-0.489195272469984,-0.545837518349184,-0.751656778010448,-0.420919459717306,-0.303761839065214,-0.857056401527449,1.00386646375834,1.52666262860455,0.315508188969661,-1.34247371040222,-0.000872206383268646,-0.0906021338867631,-0.425984220528091,-0.0525948650488014,-0.320367428097583,0.393089483586764,0.635070818311416,0.877382155040648,1.18526836560191,1.9099590957052,1.06271514542336,0.290499930793489,0.0426299817183857,0.431952297289969,0.862835711135216,2.0445232707859,1.04281824180286,1.30982969050145,0.503440626158874,0.79590113235688,0.629828630125084,0.0371168386219164,0.305472215905778,0.431990085330029,-0.593829334580007,-1.21954443072067,0.434363375393483,0.385933955662704,-0.834139482087603,-0.680664352374347,-0.495334858139988,-0.0702250341089589,-1.55951494923258,-1.62218139223633,-1.45399247868213,-0.306649867835501,-28.2263909457118
-0.35730461000899,-0.153772167193672,-0.905527182444369,-1.0383137757326,-1.84870732076354,-1.74730275711555,-1.00060643635581,-2.21922326697328,-1.872945466604,-0.297982615345235,-0.63662305190231,0.923314158312693,0.812229349174874,-0.510588868720857,-1.1256493838833,-1.08842753227792,-0.670838935020801,-1.07343380189746,-1.08660209570455,0.838982560011347,0.470812134072016,0.968894683410138,0.383581582804842,0.148810190571312,-0.518083654539066,0.229977159740166,-0.965777750911848,-0.413539728723648,-0.763269166681276,-0.607134287304025,-0.69333843845775,0.17832560257094,-1.30008915937531,0.385025129320798,1.88866273470323,1.15794619481727,-0.559136454510785,-0.901774284493547,-1.37697292710809,-1.99049777531847,-2.56092450584612,-0.79008142879163,-1.37845147132002,-1.48073648282403,-0.897099697428802,0.708500582672399,0.500335804689343,0.0948618915515681,0.400514775695483,0.417247333857118,-34.2869323435656
-2.24249889803349,-1.60408684096078,-1.86552429463086,-0.412880691261973,-0.635045941735977,-0.880677556404538,0.879513814689122,1.1225970570997,0.170715573072803,-0.71858238650804,0.0681660453516157,1.22974615479754,0.959410481751312,0.767542266770894,-0.583693912625971,-0.00675215076619606,0.297034148055379,0.250189442050968,-1.34007740500268,-0.441206655631299,-1.15675307891384,0.0834238132492221,-0.269976997607025,-0.44038922462303,-0.14386557853134,0.924798161384597,-0.29060319648018,0.979901309750826,1.17795139213148,-0.28459679169991,-0.971207585143873,-0.486453000864513,-0.870267405955802,0.987116379251727,1.02975443314297,0.795462412487431,1.30581796230916,0.385436667401454,-1.79370003605458,-1.94436310811021,-0.966006823420671,-0.22033640372591,-0.711459287502721,-1.0077629664915,-0.762605827948848,0.157892317076249,0.504551553417398,0.949078051194393,0.111844817750029,1.40014920174336,-50.3623596147345
1.37505529707003,1.61374877554157,1.50386252029682,0.700738330069183,-0.124941537742021,1.48635802722358,1.51208528919095,0.842291287140114,0.504030518035196,0.635994625735698,0.867288580667124,0.913097239688962,-0.235612980384396,-0.0368704403312567,0.365691324074817,0.107666461022356,-0.162313682249101,0.805570096267181,0.847137024997227,0.318660602849967,1.1294537027546,1.51699059761279,0.045393977162437,0.296523435626472,0.73804406401487,0.414645151543243,-0.698513664420442,-0.140228826332567,-0.715539430361067,0.904983491048866,1.03290963420303,1.24640258788396,0.516401704472735,-0.0373288713806471,-0.872911273801532,-1.72157000487257,0.40939492040493,-0.165707900092845,-0.212172053024413,-0.971984611598389,-1.42234859675776,-0.946503034880923,-0.591558437479443,-0.638976152561506,-0.53156430807529,-0.329487391082143,-0.36040029162968,-1.81311065889573,-0.223758447982908,0.88932880211295,53.4586874347587
-2.38870612708338,-1.74546921235764,-0.141202816732936,-1.51889281105669,-1.78020765890736,-1.08612985472887,-0.83056358491392,0.320075306597773,-0.0243235198518445,0.197201899437815,0.435521316816676,0.410596919570241,0.564424388795265,-0.486530751883731,-1.11799685048336,-0.951559350217223,-0.401319280326203,-0.148156794148095,1.67512497900373,1.16411091535279,1.45115996977364,1.61660559209077,2.31427819674772,2.38711712467409,1.18328494243601,1.25489978389824,0.256744470424317,0.245007453428142,0.124122827042995,0.536911469859198,0.80811170962498,0.485552211875743,0.543326227268626,0.702315656894108,-0.700147515730579,0.00175116062708839,-0.195241582856908,0.783078213213677,0.787425510607763,-1.08064615962985,0.341477444638683,0.0848308835040409,0.377236976848035,-0.345227668751678,-0.13201632230382,-0.0893063095427357,-0.101968343375501,-0.409862048203594,-0.0386197327501757,0.450233415191193,-57.6492139370313
0.455535623026868,0.892726975521388,1.07862687734221,0.751728823814683,-0.85290645872003,0.241391993182975,0.886906737835736,0.0963911616165456,1.85967994122004,0.994318923735003,-0.542478723150195,-1.34172276264024,-1.82449884228569,0.198560857814754,-0.193579237753324,-0.374800078749397,-0.154021964957333,-0.413229534470929,-0.509426118128082,1.96589739766641,0.993193885215853,-0.471738761108267,-1.20477516114846,-1.26916357528074,-0.745118059764434,-0.83580493147389,0.111677698804311,-0.196585389325979,0.420652735018975,-0.247457749704327,-0.0555062994933452,-0.0300977210551964,0.509551296116864,0.906777573650945,0.594089257287514,0.196887386420919,0.380134836818839,0.152321214894603,0.419407862850972,0.614935371517847,0.143313706776871,1.38736366715494,0.960023710463926,0.573744534784135,0.583320165775696,-0.191238309073846,-0.276705425834442,0.395813700361523,1.0894424494804,0.234537976238004,16.5088247051588
-1.18515465167998,0.150476686027006,0.318734319304063,1.3696266459746,1.15499418583391,-0.474834870180326,-0.998698336321252,-0.233683406506243,0.31494699760975,0.885994048514395,-0.153542322381451,-0.433392884578228,0.538181692308454,2.22651860042979,1.55762568699744,2.17206699407527,1.73097604907141,0.602124632188107,0.487030707036094,0.399303994721246,-0.200087098248328,1.12251242386762,1.18563870093516,1.24218144643151,0.28876212419344,0.0513058347043615,0.673677376487091,1.6899843116394,0.894567750928138,1.80337574331642,1.78910578572508,1.16278499151622,1.02111369924477,0.271686297634476,-1.15969183307612,-0.237916842910236,-0.0246546474564625,0.00384590549245374,0.164307576190725,0.705239923012486,0.0339451600408396,-0.262415658894023,0.641522645140702,0.719346676730977,-0.158295874420693,-0.341230505555721,-0.0784778696034967,0.11683286880484,-0.363585974591473,-1.19170684567066,7.29548973842059
-0.594317031142506,-0.376766593962644,-0.633010093403664,-0.597813238427676,-0.396552519122055,-0.246923708344667,-0.913900956564054,-1.20995891650892,-0.476781229961191,-0.503408496822324,-0.139518724716622,0.919012413777944,0.967741779957103,-0.401760553497994,0.0935421896089066,0.0533887611631669,0.800896669625225,0.558598856630229,1.01649283007796,-0.0564997905492694,0.94235465969363,0.892594514390446,0.900397995391209,0.610593642814388,1.09273424154404,-0.059759918853265,-1.22476673739668,-0.537865208728323,-1.26626419087847,-0.0577687125344918,-0.459725638297735,-1.20974465972138,-1.27119468991312,0.502373060039018,-0.326029919437436,0.317267635178249,0.415144700136438,0.222115991528331,0.176907686578572,1.00739165029642,1.57818500148891,0.707876538127758,1.82229100454353,1.40751291064856,1.28772218446133,1.00513904913421,1.34001354812251,1.58451758307267,0.488150561213011,-0.489573688904749,-21.4724570226674
-0.0561844192765579,-0.677322492877243,-1.9148152480141,-1.73500576290336,-1.97248459260528,-0.834199719103496,-1.59130309133121,-0.292492145995889,-0.180992828416791,-0.244698105876683,0.801817568889243,0.0605451427171258,1.46193426827487,1.41452306161771,1.34799674941723,1.76211041696178,0.940132668446501,0.179778658002763,-0.0568931896024115,0.498515232300483,1.13625264940701,0.376821533361848,0.310679910703049,0.235452905710104,1.35113124482477,1.82469981985902,2.08130452948784,1.33675149104785,1.62798864311248,0.967455854394675,1.46841817046377,-0.535768611184084,-0.50780212366037,-1.11078091865943,1.12601655154373,0.742576156022884,0.0313338967709087,-0.546683203318252,-0.717214108755997,-0.773999328915912,-1.05667988025645,-0.935954513577574,-1.34418548105204,-1.60023064223107,-1.04909224641669,-0.54464737244393,-0.996754718667832,-0.8146560741595,-1.63812352959915,-1.17647204079613,-34.2939605610069
-1.15590536842554,-0.929972447848234,-0.5386789169137,-0.616650624663812,-0.559586498739915,0.0962558180173464,0.577651506439284,0.430210868324785,-0.330419899084008,-0.379042556285941,0.307338247742464,0.134968972141579,-0.988845014077193,0.457311910106367,1.09849758777228,-1.15701868016129,-0.84850721178423,-0.99502918333588,-1.21204713194615,-1.51945554632077,-2.16577543299624,-1.89589475312708,-1.33747923341395,-0.915896184235295,0.113859074805087,-0.739841407172868,0.57712773109048,0.190284229208813,-0.602272760884364,-1.42741153023851,-1.11908268113831,-1.24222802143217,0.517384664741003,0.455590694352166,0.293532349312784,1.00164539062464,1.57637789874339,0.915244824830716,0.83598799002264,-0.0478509091241092,-1.04397902118471,-1.0170265591575,-1.93871102692204,-1.19935609428931,-0.768604408780187,-0.0940060384700552,0.573582641989032,1.06751272567356,-0.79076456592939,-1.60340510808527,-28.9989583393277
-0.98546257036144,0.136653678852521,-0.448473319132394,-0.760574107899237,-1.2340495895884,0.387088355637445,1.3547028456033,0.463226437417171,2.39858652818378,1.40903520670735,1.07856087342881,-0.605126231687624,-0.773789986853284,-0.563698595204616,-1.66241401230002,-1.35236170079004,-1.15824634212179,-1.09621177530839,-0.504500412506575,0.713104520688094,-0.251110407473543,0.445440502436862,0.564137120924547,0.0865203889679469,-0.425635119048713,0.296982167070993,-1.03675367284564,-0.201510690794157,-1.46890671826336,-2.20280327364871,-0.361710764694218,-0.00501992933765367,0.296377428005333,-1.32326638549969,-0.888492959102117,-0.0849803703091599,-0.855986937050069,-1.05595530262274,-0.49340338553108,-0.410044195763575,0.553101389800691,-0.574636892639419,-0.748971345837117,-0.576530571833493,-0.169650221588493,-0.60431782189371,-0.484902124961649,-0.690284502706946,-0.654026728909355,0.0103347158940532,-18.0118285877284
0.353578894985285,0.980960368733589,0.588161626718371,1.05441745135632,0.96361342595166,0.447850493004673,0.240034903792087,1.27713272048592,0.123279146931576,-0.635475945934926,-0.860833489200166,-0.398169074267811,0.169370330756432,0.689506223583226,0.461586923919304,0.510625011464867,1.00296740601052,1.39905263022691,0.646195865990297,-0.0649611845422072,0.643721819613126,0.611397778835858,0.0496932393431852,0.552418099817429,0.161336118733261,1.53850312128847,1.78533970945696,1.28705923571297,1.07690750668028,0.272636637641876,-0.346105155510197,-0.196015879163503,-0.382936298538623,-1.41595437003741,-1.88276687544187,-2.63738021383914,-1.62319944243587,-1.61955548251428,-1.44196325573596,-1.47995349217024,-1.02835812915237,-0.340888488840203,-0.0765763403729445,-0.0349961803479571,-0.780900671319849,-0.373034388161378,-0.301957597939174,0.356776133407618,-1.25315908027393,-0.139468969952167,25.0298664414437
0.15349836233664,-0.270738599057374,0.85685621739954,0.0937833969662045,0.301640261415771,0.221847602845631,-0.508235974887113,-0.768012475422516,-1.97311462026517,-0.784192097640166,-0.118297553167912,-0.353260413713339,0.594575096093832,-0.244418725321902,0.267459863538642,-0.204471560283507,1.82631238514157,0.940234646100832,-0.458465918093754,-1.30341757763443,-0.347398720472834,0.244168042543502,-0.0313017820079407,0.207128288541065,0.0890158989670328,-0.386072641079115,0.295510865646756,2.0401529957837,1.88401962926969,1.70862147146678,0.821154442718128,0.937656199437891,0.425222269468627,1.13632575579514,2.03727939973412,1.7051110736547,1.37626529334187,1.79582965049427,1.1335663567184,0.999099843862504,0.382171502820848,0.103600265959973,0.0660899357510771,0.769754300233291,-0.700633348540791,-0.40711415101177,-1.2445060324928,-0.394099993636061,-0.712062193424495,-0.592491991007999,-1.98186646642466
2.14595325055391,3.29775126118756,1.85415822679453,1.20841020034087,0.77587864890227,0.0842933074490416,-0.615693198987173,-1.80512186002233,-0.858704095823904,0.3716794973639,-0.116828578084183,0.483408649129116,0.541297450219127,-0.183157389797723,-2.11228398946303,-1.81452307367781,-1.18559309527814,-0.0369550001571219,0.0082506496941131,-0.484251386156475,-1.58823862140111,-1.38194402149669,-3.301200138617,-2.69972933980825,-2.00923507749741,-1.06235330222976,-0.557024964036265,0.406432499274256,-0.183487869654965,0.186314292276831,1.07668235687994,0.0708540983521047,0.639224568869003,1.10095354029884,2.05261037375193,0.415096155109907,0.402731792434615,-0.339422763862532,-0.616004217794104,0.815595772755144,0.137682355304083,0.237194328281602,-1.78807132507125,-0.763017579614327,0.0186739152505554,0.277362270705977,0.713562969512796,0.030247753065151,0.232076750359341,0.329322311929018,73.0015813688736
0.239045824459422,-0.721970770308975,-0.291904149277029,0.526708757393576,0.0345602931389408,-0.677621086324174,0.146725232527958,0.488433115876054,-0.222716233888484,-0.173884171284619,0.641196306893563,-0.420964923487147,-0.678309895347258,-0.413861589706454,-0.185700409860787,-1.20010880215656,-0.890296017051323,-0.357760070121312,0.213820000506167,-0.396689444062283,0.346960353492901,-0.215671428371964,-0.774802313333917,-0.408785756416527,-0.73613795088858,-1.73395577903961,-1.53183136932805,-1.49881152492758,-0.701545317515069,-0.501109585784846,0.297258368438441,0.727534886943125,-0.120342950322316,0.853164875407922,0.725956946844644,-0.0266566585868278,0.256643952272438,0.0167633644383234,-0.0211923156826798,-1.65039913237283,-0.470237091973725,0.370355819644501,0.136126733889722,-0.210863779451275,0.0333966571652057,-0.728176177661997,-0.740179565718273,-0.27755569043999,0.00673989339629563,0.0439034377506522,-4.98668896702089
0.85351215374402,1.19406626646624,0.365241104058784,0.0874331305278581,-1.42386868780436,-0.726127680848274,-1.39275425711073,-0.918529181811655,-2.38831608274459,-1.40400972759266,-1.46531628069981,-0.91122690350724,-1.55208366592571,-1.61450584791937,-0.591409929523059,-0.676140120802849,-0.989518539227013,-0.288491660591069,-1.66216815389835,-0.240828144927057,0.341052692508607,0.205202650789655,0.510330800842364,0.901010465287997,0.205963493764919,0.0461372179040132,0.940631813074226,0.747331703177526,-1.84780329800896,-1.61892029627853,-0.101352736787902,-0.0395445148781512,-0.676927235670068,-0.36038867738209,0.598089077545016,0.0256123853242408,0.76700699295314,-0.301301770592158,0.573244200343831,-0.0501437795950668,0.760152041711558,0.0183650274083152,1.28305036476743,0.806998079854768,0.385510281210841,1.62670782003654,0.129008353609026,-0.192295401941746,-0.145814637513005,-0.83564086784216,3.61587962766727
0.444730575320639,1.2770628180311,1.41920522864983,2.25109772819867,2.58375981656545,1.68664563404689,1.48314490994555,2.05191215838987,1.14881112337287,1.32458883150819,1.71791952065307,1.02398487159855,0.0587445926162102,-0.532038590940875,-1.12408018367473,-1.77831904924867,-0.9563452922852,-0.829441158070821,-0.808787710537868,0.477143128559135,0.401271754184681,0.98193345006588,-1.13740924355138,-1.74670474891552,-0.155540034710504,-0.163022341081965,-1.02578129877631,-1.09171100232934,-1.65484820746667,0.126236892414485,-0.446100299690389,0.414065582790011,-0.227954804674161,-1.28230458197813,-1.45591288429122,-0.921722114729624,-1.83591993530848,-2.63912466667086,-0.770082012406181,-0.879370927747342,-0.083881482786633,0.432644900611253,-0.497762928932825,-0.796766227245973,0.0683157470959019,0.423213848735723,0.657626663981921,1.33130734097068,0.3015844058346,-0.319314320744105,53.7550405221882
0.495380844087014,0.229626583215788,0.0690183802498344,1.52477907845766,0.523276846636663,-0.0989447887330875,0.105604550906676,-1.95469993028252,-1.33567131374834,0.0405893750541573,0.29455646664608,-0.191034944687051,-0.307407407745553,0.469128097414029,1.63903680238914,1.28412841574281,1.51516760118709,0.740694057707126,0.34014880731708,0.36804076717252,0.163670950175834,0.610184386636458,0.919118978766938,-0.360317891414018,-1.78794750495808,-1.38865695726139,-1.33386057033138,-1.66288666160057,-1.10074843027989,0.272839703440695,0.0288608225501514,0.823141324710556,0.610672711789414,0.795604935237956,0.495849097623533,0.269390621876742,-0.0381516495383886,0.261746150216311,2.03817120857786,0.552002316727697,-0.207955199392502,-1.33442862107968,0.708605516612635,1.17118307862283,1.14386145953792,0.876358832886143,0.489633026148544,-0.219797692279059,-0.644061617012694,0.00313280497769955,19.8041911640807
-0.429357853785513,0.795249691014593,-0.434033073761386,-0.0775063582118889,-0.49409590317528,1.32178263664136,2.0190868821521,0.508866477388834,0.438442358209598,1.00913792625543,-0.206116266777489,0.577558653959986,0.497909743043563,0.217906578258616,0.227831223750928,1.48555375712731,1.34227358144925,1.54459354682242,1.45852598350338,0.919324877299843,0.716087960666302,0.869643443764352,-0.101358178395314,0.136083475373459,-0.728730137489399,-1.0914031134418,-1.00404617735394,-0.265065375222572,-1.29369885285237,-0.918815320797042,-0.365956216176389,-1.4136334482756,-2.04188216516981,-1.92389552865238,-2.0761839587192,-2.67926266953896,-2.75868019997204,-1.56332833803104,-0.435008475326029,-0.886017583408996,-0.609057925777351,0.0214704133052498,0.0947499087932127,-0.803569995648618,-0.918825021134626,-0.96808569743569,-0.290790253137296,0.517370690404044,1.12077504720192,-0.0608971425693099,6.13886238513182
-0.977167149501166,-0.75566919388757,-0.654666036708151,-0.964967529228104,-0.183930794869467,-0.554902701056099,0.405542067859897,0.637298697961551,0.397257581998336,0.304380097875632,-0.898552756146685,-0.66747837426207,-2.07020755097703,-3.20280594020485,-2.56875473333208,-1.33831263246283,-0.441202304043009,0.645697081349567,0.145610979812998,-1.2932341172258,0.445752703408043,-0.578581990350303,-1.23410596308718,-1.89781685456551,-1.28770215538635,-2.46383434020933,-1.65404625306926,-0.414156399554546,-0.24004094952848,-0.621069976430264,-0.103040265143205,-0.799811355555498,0.266629658077122,0.0352113826305872,0.269827242323206,0.044812149337486,-0.303874382431032,0.90340781465895,0.742338063440151,0.909798219116185,0.130585734235114,0.183462287802182,0.382353431726943,0.0411175108825817,1.14518765722728,0.786990608069227,1.10383825460358,1.69932189517108,0.769099333471447,-1.17293768680867,-37.7528890421607
0.468481702352756,-0.203547736585495,-1.65831892711423,-0.932009604067129,-0.717654357050259,0.205016849435815,1.47793688126036,0.461659824331187,1.02482708002034,0.921246196087317,1.06794448419644,0.0334225819789434,0.561284497333735,0.345919331211006,0.413123750780386,0.77946982419282,-0.206247405505606,1.19900677817793,1.1822506200997,1.55715879205621,1.17025474860029,1.33807408504137,-0.043505664369119,-0.635238146473411,-1.74798618706317,-0.811437226600264,-1.18198692966142,-1.17900866683106,-0.895605896238812,-0.363957051790052,-0.628079924670961,-1.57972774966929,-0.900468336131243,-0.92269414397413,0.0699352038517311,-0.263095008033932,-0.294297972523283,-1.56541844887248,-0.503203669219173,-0.474151254831786,0.159352400728346,0.904111250291546,1.47223987989025,0.372879047924005,0.929749260041425,1.13477374340594,0.338480287462287,-0.355480989270256,0.077763736053556,0.748236641041233,-7.20499475836576
-0.370339286364659,-1.47773705482287,-0.805392198253088,-0.0818081352200862,0.166258808554845,1.10911082376831,2.10976966533976,1.68765316092061,1.89370638543331,0.0593353763082532,0.919313211843857,0.797528085455417,0.221946493788014,-0.018291662496738,0.372283815560638,0.215024464707584,-0.417598084511698,-0.0859742189392415,1.48571820210384,1.64709501164976,1.67431614166388,2.63804211173234,0.603330607538298,2.22979278278624,0.911167573450649,0.809376545372907,0.611079575286666,-0.503633524763759,-1.18979774894927,-1.45071332172494,-0.204135785289589,-0.420549448354345,0.812217040069827,0.366855336387307,0.324831788718077,0.725830457038503,0.835861615384632,-0.454613737078212,-0.906584163618651,-1.60246244715424,-1.13959460010103,-0.342986671574793,-0.597478248514037,0.0293668464488182,-0.0301018385110914,-0.488645133463543,-0.776020789087919,0.721105632515039,0.367666308787356,-0.237603827727519,-12.1490714644583
0.58358342162133,0.79464295289052,1.42152678825514,1.01869428124848,0.536852401289251,-0.51765360578146,-0.424615193115244,-0.474178039958973,0.567699746829579,0.878013484544301,0.31596304375406,-0.659337432093137,-0.349996265162604,0.926385347108724,1.24800461061388,0.213038980817489,-0.880348864942412,0.166144507643163,-0.535049702471803,-0.0479655466483726,-0.698034165873767,-0.781061579452751,-1.04851489471908,-0.118291812779983,-0.960413046071964,-0.59057991604945,0.349354833435288,-0.349537391691371,-1.47695484631077,-0.0495452141081457,-0.204123252041981,-0.992223512264091,-0.777532216284418,-0.446465040873625,-0.141149472297404,0.0157810430383611,-0.751471414018138,-0.360652978305524,0.288727350936652,-0.903083043954195,-0.884733198637284,-0.0163748546595973,0.654049086855031,-0.80025096147611,-1.1684303233002,-1.70456441816011,-0.282289835310056,-1.07639850279958,-0.121855664941514,-0.213771807475972,29.3595334193405
0.118034547038692,0.0858685629275187,1.00374177021074,0.564014475255178,0.241674707342074,0.24927873546383,-0.355951747180096,0.724976226811818,1.31999791975332,0.997993473158984,0.547123260414161,-0.00991604994017337,-0.428908545044378,-0.53049660417639,0.940648611693401,-0.421873857693232,-0.809074562414971,0.380446038746012,0.350510899756092,-0.816076330803851,-0.988201904670539,-0.368672376030938,0.209894522466592,0.351419740737134,1.04345227306238,0.170760415266736,-0.469149406987774,-0.395439834438782,-0.630933971266101,-1.02694680371479,-0.616702746366569,-2.05487501236162,-2.07807030985704,-2.19635405725793,-0.551748402517951,-0.199263239734957,-0.262713036103366,-0.060511734214319,-0.841908507507776,0.508312693971842,1.16480789462691,0.660257324188061,-0.916049693908024,-1.96531976509137,-0.230868678196877,-1.07074983335974,-1.51892761141599,-0.764190558609038,-0.326478757417364,-0.597941119123947,9.26002689040524
0.776058723421773,0.882660616572456,-0.594196254696892,-2.02051309722912,-1.50847508262647,-1.75235272480542,-0.870828061604236,-0.0354934354344337,0.0912507518006623,-0.71473366146245,1.07925811814698,1.88202303106091,1.86478802545541,1.52199809164005,1.25014515104393,1.69647975300933,1.5134398555749,0.459726902437252,1.44814591798424,2.18244983487478,1.85949335174715,0.253141904781894,-0.0565526045326351,0.950561318628023,2.17752841695105,1.65573628387556,1.46129611936886,0.469518547432234,-0.611313206913037,-0.466636895025711,-0.541760722976219,-2.22882699386723,-1.28985208296198,-1.48151467891718,-0.961237258479453,-1.79889497985848,-1.87989568827896,-2.09031949201502,-1.69261783541085,-1.63486600140317,-0.879812838456595,-0.713955833668212,-0.774601531185777,0.554687607628514,0.619706102308148,0.0265078586558073,-0.187028428013985,0.0960288327999971,1.21264916675078,-0.0246242374997925,-0.580395681750958
-1.73917248848964,-1.07990872193218,-0.443724112675457,0.148623052389551,-0.612712278947885,0.473065822583355,-0.637166354079444,0.249082410214275,-0.021206274658807,-0.208927175322046,0.368666768857837,0.0851869933532427,0.547971926439559,-0.751264396114899,-1.63709702013452,-0.922828362054961,-0.917956702182795,-0.0480848202020889,-0.0326589096197426,0.0509624176421069,0.310535836537193,-0.0352640109526761,-0.27222977293336,1.08021014504545,-0.325634667982403,-1.42621510110916,-0.309997585815498,-0.752360775975658,-1.16943569937521,-0.336084609951846,-0.989077431404721,-1.80624283434988,-1.03935442546457,-0.850154527125817,-0.665414954084898,-2.21389225491407,-2.83975331064428,-2.40577755927159,-2.49304129419421,-1.9617901943821,-0.690952573000598,-0.936780545310255,1.26852223391995,0.604080711764639,0.891358984254233,-0.818592273649074,-0.676599248454441,-0.0692658891354386,0.0839091606759249,0.914522673199996,-34.9623184245739
0.852528580127357,-0.0625064367705316,-0.948988773641075,0.0803797144441682,-0.701039712012694,-1.75364434297154,-0.906566734017193,-1.10773295056296,-0.364101649624268,-0.565169833854968,-0.607210242193443,-0.134460719556001,0.819717272158699,1.55566001023024,1.27549504523876,0.282626779395409,0.684195856549931,1.65847311340865,1.89526054335193,2.03244735846974,1.1198100335182,-0.464935151348725,-0.786828651077996,0.467393894960165,-0.733740476269144,0.135926618320545,0.270896622816235,-0.612997228961039,0.956150701338668,1.28172459690608,2.2176901442562,1.46041679658886,1.2112747664728,0.0255156711726484,0.0227062419870075,-0.195696958581834,-1.13149082567175,0.234676570713688,1.04878907269274,0.49572229113557,-0.342060749747968,-0.768705906058566,-0.372358466626423,-0.13933395921601,-1.18403783510299,-0.806776717978669,-0.924044746617109,-0.0726497321245401,-0.271175065528822,0.149042834704343,2.8562187050004
-0.0491828498661681,0.822420300390349,-0.632922543888666,-0.586107092507071,0.325058326993336,-0.67020704039429,-1.25659682002026,-1.22080108982926,-1.02515750964629,-1.80595436854582,-0.948252979081887,-0.944950781170968,-0.716562935280704,-0.677702561957563,-1.17515665164629,-0.945683055420109,-0.647090260811803,-0.730372505766409,1.13718778659437,0.977005803390128,1.56827166576317,-0.158968488513114,-1.22300340134599,-0.482500129233492,-0.847043206090306,-0.431529075515496,1.01230695103524,0.577325861635679,2.2431982147508,1.46524061553979,1.34784089624309,0.390852887174898,0.266519332986849,-0.803311083022552,-1.39911243601332,-1.69053685940466,-0.0866119177364571,0.0267136998873438,-0.714566445410301,-0.312069824890338,0.256627071929894,0.448909205186249,0.509154892533041,0.824358140865309,0.424827704077425,0.0913311241474496,-0.237676638214179,0.659912405153629,-0.558559812537582,-0.746569701622825,-9.39586469033124
0.824249703005943,-1.01908487135563,-0.544895887843754,-0.805181244189917,-1.07553943729507,-0.0722358132542759,0.338163986950064,-0.894552596864691,0.154950443937493,0.404545326767977,1.77813781610207,1.05908620519016,0.882899455417193,0.939568259147834,0.74959371772797,1.22873483278833,0.120678494043302,2.007161702509,0.550365777260806,0.364266942557736,0.794180152737327,2.1252310807523,0.804821547011828,0.435264551600885,0.264034756525662,0.906112195363697,0.735430185842512,0.283841197775245,1.81845460686467,1.95427644519914,2.09303113987102,1.70017029510968,1.35597660560951,0.795787133381326,2.55975108043105,1.70491937414911,0.3889974662664,0.48883439816989,0.150487001601741,-0.299632685210299,-0.650939516464628,0.837660316802063,0.695590859525785,0.30667838864953,1.35729320323341,0.53792676948565,0.360178852620519,0.305495922547223,-0.396562196029427,-0.365127556332617,-6.38836260875904
1.11942088249649,1.10915161811223,-0.663393362053588,-1.01178724771552,-1.27844549653415,-0.452990660248885,-0.0172450579583721,0.251637406613164,0.447978731354979,1.29846802665058,1.58932734179309,2.15234110603777,1.50389550279054,1.48078903482242,1.58814740023582,1.36514034336152,-0.044798810406645,0.140547433970449,-0.624067394898583,0.868957154018354,0.389130957483934,-1.22782842446653,-0.236450798039227,0.0401580553613967,0.17784775918953,-0.521027502931693,0.157610368139718,0.191088032202896,-0.321775471938067,-1.48682452277941,-0.0672523215043048,-0.426962463679402,-0.433281483806387,-1.69310231818337,-0.188155156154744,0.841375577401667,0.399438399100624,-0.0651273368353421,-0.933720160760594,-0.0325477223097515,0.135958331081129,0.21209013428658,0.267046281722633,-0.186373732118407,-1.23135198530589,0.594209240273373,-1.16736612311102,-1.86947715101697,-1.06547632542622,0.412848479280054,15.7733831027305
1.64787850923523,0.458448667328634,0.337640916234238,-1.7869730332593,-2.43023174154963,-3.42559379906709,-2.22600243259941,-1.03292077682481,-0.85337966949932,-0.441267475974845,0.00507728037669244,0.00442806715681246,1.23800472785171,1.71485204543967,1.79345067816883,0.0555213952625689,0.900530057441721,0.555193004371588,1.52867537014839,0.417601000947293,0.225325035217307,-0.620305793504435,0.580106963155027,-0.415480519721227,0.186500888226998,-1.98417224362516,-2.09501278427337,-2.80199150565348,-2.86758636153471,-2.15266361496067,-0.388649282798192,-0.900710654620607,-0.349582333732567,0.427342123944386,0.0416279676197341,0.453611401980903,-0.116721918090386,-0.234094198918041,-0.236363713683176,0.137020080709382,0.224634015812736,-0.233425523504055,-1.05489506705002,-1.64625772876266,-1.00369620076194,-1.0795658124506,-0.967485268542604,-0.877539455533321,-0.405588367535784,-0.149501000202551,-0.104608431424843
1.36214098496442,1.30522922016886,-0.670027710140317,-0.575518009459776,-1.01719427535586,-1.19278917148759,-1.43901841281403,-1.45835781398556,-1.89601312856775,-0.61470350340636,-1.64021194343266,-0.854101051809888,-0.0916046559899072,-1.49121517062956,-0.260563447384355,-0.864171380390551,-0.323681024073032,1.27996957419344,0.691055121275062,-0.198524262633431,-0.392467598151757,-0.419710711081857,-0.432064736939197,0.495055273691089,0.347528910329115,-0.751640699732494,0.737173557315116,1.91455716208477,2.25573587875322,1.33759881829184,1.31301986019175,0.585978903241445,-0.133301665263758,-1.0691814307677,-0.327732975211298,-0.361583814428712,1.37477769170833,1.56147630458831,0.79192338235338,1.67440107097409,0.574016393930339,0.295494177114589,-0.301418701823686,0.764917411695051,1.29765057140361,0.70091394150014,0.805476940811683,1.14159524626521,1.68221738727734,1.52875123301733,0.63331227069466
-0.0675252574943831,-1.23669009158712,-1.37231159765914,-0.337086789190572,-1.03689211582742,-1.0817218629019,-0.920605766331541,0.0705447455268665,0.833252734734291,0.580328616476095,-0.256384601282129,-1.06720554078463,-1.5980621159096,-1.14024862888758,-1.4940594759432,-0.349930504836536,0.221368674101713,-0.280423772655261,-0.263419733242164,0.137065696306391,0.646937816851541,1.62814437125558,0.931881703900617,1.89892049149097,2.73876136452596,3.80748540573623,2.78467110135447,1.68231740876853,2.2217092434544,2.19863305162172,1.5734998447213,0.765457394125501,-0.201346986571864,-0.732317090919786,-1.29356955916102,-0.457683560345761,-0.772502156134846,-0.0970333248056972,-0.172665812831316,-1.89513580538448,-1.26900080495923,-1.10299669666999,-0.256719443751405,-0.579238227005144,-0.307312994459182,0.761206083965132,0.982729201451457,0.838038848328693,0.553732725534951,0.670310874163997,-31.2187304296331
1.27037673502448,0.26293667011068,1.33121392393256,1.64331739834609,2.19135087861125,1.27699875080915,2.31541589000597,1.2503662974917,0.847777109679997,0.742314764719755,-0.147167495236544,-0.519447593359682,0.173922366190933,0.140525635022835,-1.14181276221086,-1.4769552466662,-0.168835434416731,0.425332325661787,-0.0828617657466771,0.279460808188979,-1.0263744106723,-1.85361922842781,-0.621303365913551,-0.245193214284983,-0.61161008720162,-1.3274652514847,-1.59612030783151,-1.30978868394476,-0.780887184964773,0.70106269662096,0.912623705781503,0.847944637491928,0.51479463826287,0.802184342335828,-0.0888350926159332,0.681437299347195,0.0975875835214048,-1.1594166020099,-0.947221244854369,-1.15402988657506,-1.88072942969332,-2.08598659585361,-0.566317717459774,-1.02521637605916,-0.465575213426654,-0.881231295908607,-2.22221826631282,-0.976864506519151,-0.507607173434623,0.0926869039755888,54.7305161061746
-1.99289487522474,-2.1491318739391,-2.33882046614437,-1.0783161667665,-1.8149173506065,-1.69640801248789,-2.01043449416752,-1.93627919760157,-0.643757358764177,-0.438794160747083,-0.0303074985476727,-0.220761420345765,-0.269341494307465,-1.99109764088002,-0.964222892393283,0.120655220938809,-0.614545071478037,-0.369753733915276,-0.0200732020848428,0.206712800204972,-0.0213958205390495,0.172512490164162,0.903424934001861,0.336790605203242,0.232444383764398,0.231361580191034,0.361420008066418,0.41229228066465,1.15498929086254,2.03223031667901,1.21739801224819,1.04546091981113,1.71334956667041,1.46899384301745,0.963199779504966,0.989301633756973,2.29881100148917,2.53777358578226,2.85702847959272,1.99698019886481,0.742164391857658,0.360913582185433,-0.685081573464202,-1.34432383805667,-0.0841530715838317,0.12427400116891,0.487195993867544,-0.468339722798608,0.216792155835644,1.64968019669497,-77.2219682449749
-0.351691967898885,0.164456861254332,0.931844492650194,-0.263894962457465,0.339414784877435,-0.500610073000694,-0.478044560517653,-0.471667502899956,-0.372772924130597,-1.37939871078324,-1.04371028575547,-0.407520030809879,-0.0816051043155567,0.33649144342687,-1.05705585364717,-1.47606052959682,-0.552615030779179,1.16015085592251,0.665142772103835,0.468288685877812,0.875877371494945,0.749855280594153,-1.51463855915197,-0.198056459182665,-0.992154573631016,-0.836077460823997,-0.0352756658380399,0.242455993880256,0.187236007032563,0.513377353057671,0.668832976179926,0.179523537538655,-0.0269929157554221,0.192359939044295,-0.545136031282454,-0.214857913272633,-0.378763357658486,-0.359695032810274,-0.046516994398994,-0.363078215859248,-0.226496918478156,0.599237230495555,-0.583369293339996,0.432700785790026,1.22175390264393,1.18409148021219,-0.00532776457430505,-0.524771718825556,-0.40429890743895,1.44541923207039,-2.90701946137696
1.15390254165513,0.888269441099758,-0.35275557402855,-0.71133219027454,0.0251422198804742,-0.140582456548168,0.128840438893624,0.0986790886759129,-0.183334589329407,0.117704518910406,0.408241420785592,0.653160241411395,1.38479839638346,0.0877298322447199,0.543072936050653,0.370235081369965,1.19849327905451,0.727767112453597,0.580689683894672,1.72170225244932,0.400661018124698,-0.12692620971547,0.0377514169468925,0.397815882874809,0.353074896414866,0.721389212492232,0.489037540323683,0.724845730968191,-0.515395242126238,-1.12796530484566,-0.557165831163952,0.728514699429797,0.890236285228742,1.66697056688098,2.09141388350477,1.46719931929176,1.56712461252125,1.16064484805904,1.35460507552844,2.41533989474771,0.575356536889892,0.954339446192487,1.32510976943376,0.893084848974305,1.37157669546431,2.15544329722142,0.517180119605634,0.209431202489355,-1.17582906949558,-1.5327207262818,16.4031338714082
-0.0768819744907714,0.0356648586508485,0.729864310013552,-0.0821868009943007,-0.850098182493658,-1.73412259632628,-0.135562241976713,0.215968984535582,0.0190654942685369,-1.83632422586322,-2.8447292136998,-0.761580500100592,-0.784196442451136,-1.12650290003531,0.151138010304059,-0.403085615255271,-0.127338840575322,0.586517538449493,0.640482714842047,2.20402750616054,1.27018841196632,1.4020552809331,1.00324671817081,1.9909603904714,1.98670048347517,0.76982915143882,2.85516614940911,2.55704259259517,1.16112683703473,0.0298597371478065,1.11671812302676,-0.29464774994247,0.362126008642566,1.18366081432144,1.89420598735077,0.128634096697012,0.188616394230449,0.348705987430058,0.887441110915381,0.347182936166549,0.759857741854045,0.205802164416429,-0.503129567249896,-0.0692535317250645,-0.178608062964961,0.311906422968369,0.318853295486095,-0.27896487996657,0.619890030023418,0.208629598095155,-13.4069981452333
-0.00756803691886556,-0.0641115163275661,-0.1193507061908,-1.11639927887463,-1.53230076034268,-0.921185513122416,-1.24904907193566,-1.16876140989766,0.148715882886123,0.180823606467602,0.94382199467758,1.39770962286658,0.982243249786393,1.5536984606496,-0.441110163808973,-0.304203456474113,0.0795098036488913,-0.241494215520005,-0.337731057913072,0.65967333259166,0.422865470163684,0.456792759855344,-0.0163825632794714,0.499529656847115,-0.411248102833723,0.257096199495998,0.181408297528226,-0.0572228661722103,0.610271949223406,-0.0200716420771451,-0.0531296315090866,0.166081275355304,0.584640666374162,0.468709783467512,-0.0195071931054908,2.15094065664145,1.59859768304399,1.77766966456312,0.261624776310266,-0.42970084539287,-1.10128677639133,-1.42687637111379,-1.37942719443641,-0.22904327736963,-1.0009783395928,-0.512552698340945,0.236205762971894,0.888263224096076,0.823968059779807,1.60318973434793,-12.5621439948043
0.124500973835958,0.728221934796682,1.64352437666209,0.638210383891685,1.99393787231189,0.7707392086386,1.65876952386561,2.47679143967931,1.84906790332151,2.18628645375711,1.0732305819062,0.621229521531143,0.0491523638366295,0.423596753075841,-0.450988157619898,0.235176345432467,-0.532957494094457,-0.498405023575384,-0.480864703560205,-0.805838495679834,-1.48742870865114,-0.553614506814659,-0.270057261344946,-0.53290383940317,-1.69226329610742,-1.07346821521931,0.197339827854298,0.59560736211471,1.34051928566142,0.291303333557299,1.55833387639841,1.69809150626635,1.37954347034781,1.23238574409123,1.11752069907808,0.685271819160047,-0.115735039679417,0.116456407643096,0.697485922793193,0.799191412640782,0.40392434803326,0.508758984272111,1.10501339768017,0.40239105340461,0.938542382330065,0.549987250733649,1.25063146607461,-0.420903346424179,-0.776836121265899,-0.747800215666772,42.4011023252114
-0.793825856581599,0.0791214580345615,0.351987250058342,0.179802133642514,-0.3388876230559,-0.626704265944008,0.168175893138886,0.244693879726224,-0.352081254187229,-1.46369678470028,-0.243410888269345,-0.0588364858263265,0.973342976692426,1.58620868394289,-0.509537207018555,0.398446882768493,0.765998033376879,0.724095749408388,-0.314048971272789,-0.373884813135431,-0.558083472804744,-0.287440616669574,-0.125067403845481,-0.50685150509693,-0.891139688012751,-0.887776037840148,0.641117771430637,-1.4002681521062,-1.69355450122708,-3.04181174120058,-2.73925919446458,-0.880699043953139,-0.558437688669661,-0.403333307886249,0.157213775428447,-0.791013175481346,-2.27868889997834,-1.15630206971004,-0.920932645695643,-2.40608876441205,-1.35461241688598,-0.322810257464897,0.6896482062783,-0.112478526416956,0.280490784819965,0.295393285998442,0.399517859515144,1.04081535033505,1.68174988622381,0.372370028174887,-8.79087036073087
-0.174934688586517,0.914898083654631,1.93105095381715,2.64886308509985,1.83467406900376,0.994976211781385,0.883281591512935,0.460608077663244,0.403487454349207,-0.113733854468062,-1.20726451078394,-1.70318890197818,-1.8453280061717,-1.10094264483259,-0.672602420653911,0.0179821413679028,0.253279060363786,-0.326099058530616,-0.683424823439999,1.08289885631311,0.667328563448894,0.35716327013004,0.263803759397686,0.460582683481231,0.736069479307231,0.546324853715928,1.68332130358103,-0.361721151807875,-0.273218996326059,0.694903537836407,-1.59610925537435,-2.06315312841138,-2.42203896396625,-1.63137401688741,-2.34270880475324,-2.87061244074523,-2.18458803554684,-1.65914024538269,-0.918534651177332,-0.0888531302840525,-0.703694499992788,-0.118628371180769,0.144208906715977,0.297613684225258,0.043752975586379,0.0538260917137016,1.11732400460644,0.220876283772321,-0.47456841816355,-0.712920129766674,35.6917009649244
-0.802435609733674,-0.0532090403638186,-0.0508980966034601,-0.00188908558638644,-0.0851551189645748,0.340776111601755,0.99876860888252,1.07784962827995,-0.477615875764006,-0.440161928881157,-0.221158852743322,0.230008839867141,-0.852518344703856,-1.1211430587145,-0.460198811360397,-1.14791798145104,-0.766193976604664,-1.39762020357654,-0.296695715078597,-0.151396434717359,-0.108799337677058,0.106089650858805,0.0396359968787107,-0.0927439322091999,0.0226249948511898,-1.82606295063493,-0.830391998743881,-0.755705567813702,0.603017855289844,0.218545204228604,0.472498520320797,1.4047495954865,-0.528019432244292,-0.00738296039919149,-0.117528801764849,0.193136239755591,1.12635792676311,2.85144590310667,3.91056844223702,2.55792072728413,2.69601238641828,2.46795304811724,2.13545588561113,2.55137221698529,2.71061816029485,2.39715500656341,1.28999492645279,0.100693948412394,0.13750194239676,-0.918678620910428,-9.49618205762864
0.526176764035427,0.033883460880164,-0.843751537392521,-0.355656763130333,0.510362696316325,-0.37063632722637,-0.277261068430745,-0.910069788014494,-1.30065294523116,-0.932581831284706,-0.983428221714376,-1.53975954191888,-1.22188386793393,-0.658466510592723,-0.724291666575881,-0.0467653780165231,-0.0737155784624617,1.29256631861822,1.11728198729431,1.62854110110617,0.886715970426996,1.03286802744177,1.99220083265522,1.55963947995776,0.866280026653684,0.818287705032935,-0.425293430319712,-0.934096221936706,-0.83898009899769,-0.844588652138956,-1.04099160949837,-0.667682417351585,-0.797012907458382,-0.585366302217904,0.365442589871533,-0.128289687724433,-1.14359336928556,-0.717046576269752,-1.20495960910136,-0.871186459475344,-1.12156365074875,-1.30879930685326,-0.125893943443599,-0.651444374354043,-0.617135532543603,0.619812164678509,-0.147456607380374,-2.22043806618573,-1.95220532918555,-0.557064541298045,-5.08957651951075
-1.15235589721227,-1.14409264536801,-1.93692335755535,-1.45327449983109,-0.482189887465233,0.676798468232449,-0.571349749879573,-1.23525873859582,-1.24391082094224,-0.00582654716017732,-0.360344867835949,-0.741169522516681,-0.82306225815792,-1.18290086085422,-1.05040945147098,-0.936113676259414,-0.832406908755477,-1.21291995442641,-1.42131003034768,0.0664105130142654,-0.794254030612629,0.0756378338605326,0.297779925578702,0.44438559301661,1.06587093479945,1.22687500189233,1.06163522836562,-1.10669729258187,-2.04800860754632,-0.746579996370154,-0.161012939031739,0.189736310492767,0.546033838421709,1.01507221487523,-0.0997734041456411,-0.782628506523539,-0.483038601762998,-0.404211877520361,-1.54022186716589,-0.290176811085057,-0.458016037356304,0.206701200263547,0.249289103837083,0.369005751525303,0.346799658916419,1.12772498010828,0.358488101902284,0.0775682172235079,-0.906416714808287,-0.0842699270665232,-48.3133464196236
0.215045759167739,0.764969909081801,1.91282721733631,1.26442828493459,1.53014647661402,0.479459928016837,-0.565875465579066,-0.665727219013342,-0.711826964082432,0.355564082871067,-1.12028320287753,-1.27458622457876,-0.497084197192634,-0.0730218551716456,-1.06443197341386,-0.585329387507745,-0.305770568860386,-0.327001719854875,-0.661952139928689,-0.880934944650043,-0.812814187658823,-1.82566451729717,-1.34845689829844,-1.45036567465496,-1.12727602290951,0.318499688793493,0.977518278961681,-0.0256734730028731,-0.753179978793554,-0.934038344661276,1.08597837206793,1.01100941716623,2.10788163285514,1.56979760095031,1.30266930810729,1.27557422649375,0.105371257904105,0.479057571191314,0.403514692293806,0.521684236376379,1.47430951802516,0.330276998854047,-0.968687726957354,-0.904232939144958,-0.375779854887153,0.0577538283111337,-0.52513312533467,-0.675404766702604,-0.923460241461369,0.193502026866963,27.9226702118572
-0.898314556808123,-0.955927189474868,-0.0277523104787814,0.512575387831095,0.424150620627231,0.01884808632829,-1.23756026706519,-0.576357244943921,-1.66185622747433,-0.412824387666931,-0.0480980953085137,-0.472515388913124,0.835818073092829,0.238750386558188,0.0589119911843318,-0.581441474900461,-1.57423536354704,-1.96301273789812,-0.540190760508301,-1.68248050624106,-1.18960469179692,-1.1327391472811,-1.05629085232295,-1.38262657087974,-1.246206647473,-0.0701592224831846,-0.894202005679599,-0.71400587655172,0.494903480985322,-0.473048338631842,1.20107866572575,1.76759903634643,3.1364932310351,2.24277520852254,1.41505363784215,1.12910344912721,0.14438545760045,0.319254419055917,0.141512007358629,0.365777762853038,-0.378584504014387,-2.35407558264266,0.317502843205287,-0.0195132473279875,0.612053323489911,0.843389006102759,0.519761244119751,1.52086069378448,0.750572267924879,1.57935257831737,-15.9472784816406
-0.301716651339614,-0.316884281261048,0.170873605088302,-0.211482386643225,0.0508765530095371,-0.366415483370732,-0.494507046459397,-2.1531855065892,-2.28579733938615,-1.7398650853526,-1.64132233104926,-2.61450575500505,-1.97469421076873,-1.69173424162476,-1.88811410289113,-1.4427343018607,-0.631060740630693,-0.324431964183323,-0.556849675624763,-0.146008468736817,0.14165494669996,-0.0453324313793736,-1.01817801694416,-0.167124408796078,0.712287780511986,0.400701828268196,0.247587301045013,-0.0723539643714976,-0.470422304434052,-0.327390542532798,0.188330651822781,-0.116382480252943,0.17716289466397,-0.910842164636284,-0.883909517646923,-0.949826809891913,-1.11345801860613,-0.345741919448337,-0.498023990048902,0.381838104224955,-0.23151069987309,0.265832323131849,0.980956775788891,1.64287981909675,1.41535971231068,1.22406256773152,1.72965074918481,0.446949891672482,0.922690569034227,1.73476783001619,-21.785860237573
0.510559340406618,0.544707618437616,-0.494117530065294,-0.22330676531605,0.512921168565382,-0.090149407573403,-0.436300028737979,0.0848491561530388,-0.579114401421677,-0.56773432530582,-0.490255135843893,-1.63547009922962,0.345338457062181,-0.503500738685384,-0.17755523133273,1.01246841085094,1.3431444810382,0.571268122756008,0.229240832772994,-0.257184649689132,0.392206025002652,1.56915005152388,1.4242944393258,1.85908780770976,0.982096120654721,-0.28842061111307,-0.609434720928562,-0.485445355637835,-0.642939328160698,-1.75183967767892,-2.62934178487638,-1.78861539953113,-1.6315819053083,-0.00255599510681232,-0.707393857945933,1.09418631979824,1.41496998547674,0.871851460672829,1.39828756596527,0.812515754739719,0.711522076496527,1.70127463152071,1.89455655042034,2.00005345670218,2.55435417785174,1.10479522553646,0.628397609590624,-0.465054501327632,0.412698010293402,0.935165620274865,8.22782147472941
-0.883090847671243,-0.307471398828762,-0.313125191708236,-0.0948922142745589,-0.6590351290388,0.101955908044883,1.08496353976945,1.05313203437651,0.894903367279572,0.22215019339535,-0.656728808449482,-1.38701871400044,-1.12046951712837,-0.84513269065133,-0.633984228138232,0.622127378814412,-0.315777368339727,0.133394882561516,-1.3258175698078,0.153929335331602,-0.18603906028781,-0.462565113287052,-0.226445573438792,-0.480666809804102,1.02832722794592,-0.4365654872549,-0.932799717294179,0.878225520877546,0.33142767275996,-0.0863502911167056,0.000563633859692103,1.37092634129632,0.0480725379707037,0.964200141485988,-0.125818945117727,1.13918747780684,0.589856881444247,1.53019995332222,1.34169609128058,1.96361311650529,0.744887995644196,1.80806936496265,-0.00539656323399881,0.542677099004037,0.3513401702557,-0.500903886368656,0.00680541357726303,0.143200933779618,-0.197257208947587,0.0675477148879906,-22.0643818905596
0.176175576902148,0.403137346349829,1.93201340177771,0.234666269641783,-0.0422588605915234,0.781813001999022,1.46530003126,-0.287388494919352,-0.830488703888215,-0.649694796973341,-1.47728668031893,-0.340467079053091,-0.646461773666002,-0.4503507820478,-0.167479071569981,1.640089327498,0.0236575289368857,0.762544229611698,1.52174358139204,0.221915785578199,-0.475841733945339,-0.252135471093279,0.172812106408868,-0.0422726831279641,-0.599793366280207,-0.252800812923399,-0.862450782569882,-1.72907016139553,-1.30715848631211,-0.616328721390128,-0.178458127656504,0.253510436948745,-0.891019926301908,-1.10943661403951,-0.461048932883669,-0.165614259016078,-0.768424277645667,-1.12256919857187,-2.96902866197007,-1.95714821318075,-0.95642206164894,-0.865464876623472,0.223285800195346,-0.0439317127952297,0.0143331885819586,0.159628802599676,-0.166612566259703,0.229614477220303,0.441965812584142,-1.06497478416915,12.7924601953579
0.71099287544235,0.0328882250521131,0.181457113904814,-0.354769097660629,-1.29216054046063,-1.28980751738701,-0.676473829724467,0.0504982044691538,0.268750678417773,0.362681332706522,-0.613396330728875,-0.564292155333268,-0.0920618759001319,-0.237422087975438,0.882946656547687,0.113879785953032,0.624863574185943,1.43485310282786,0.751300498213604,0.261068966923801,0.957357804676969,1.04345345641331,1.52731899158239,1.58819066525715,0.375267512388276,0.653431156477261,2.12987800132859,1.16699979015244,1.05349101624856,1.28240326942777,-0.0740851234496425,-0.605603324380075,-0.972625020502657,-1.54670982919635,-1.22061203888416,0.203392175360907,0.734189884614314,0.373160225724581,0.546897107781007,-0.438234475478972,0.0901714901565738,1.60811003038991,1.06437040305188,1.6027348985043,0.753003226376598,1.61994558745195,2.41878503700465,2.28363158465966,1.88705904289808,0.975957283922126,1.17259259304104
0.605088148597456,-1.07254135153651,-1.16555037032238,-0.264515309784664,-0.119232085620507,0.414848696150886,0.473501503962383,-0.834620262917151,-0.830838776345925,-1.63694770942348,-1.45585305851138,-2.02603219912811,-1.80545377597571,-0.969528302808953,-1.54768661890298,-0.743395258308663,-0.594263820936923,-1.0190147329504,0.185152454228887,-0.300933519918262,0.281684828461502,1.16367026019788,0.981427542996139,0.89099744595364,1.3635012385235,0.758067894204145,-0.583711150605499,-0.299175324354545,-0.0608218347269317,0.14970169336552,1.33609963696847,1.32524079041385,0.547281296435061,0.920449759213112,0.509996601983362,-0.990770381911294,0.0119826101164195,-0.274007516124885,-0.704901777841744,0.385508433967956,0.140461523682389,-0.327959162671206,-0.185215074027758,0.588406618568912,1.50373179553684,-0.583752621928041,-0.131308498264888,0.700144505877578,-1.076373790079,-0.182374581241147,-22.7667985435162
1.30589027541303,0.318124655454343,0.61843715097204,-0.709266409101368,-0.922468873073104,-0.996205475162851,-0.465880084915646,-1.62134109527135,-0.693977539175273,-0.640886446678872,-0.678355668511149,-0.742651265736715,-0.606552742697536,0.903856754829948,0.824265315445373,-0.834670579315287,-0.179401478326906,1.54321556323531,1.24977189797802,0.808897801280466,0.83407219953284,0.0306566435852146,0.55819792115184,-0.711780748075295,0.144270205325745,0.523990220108715,-0.126739417636523,0.125311433600528,-0.194633997731196,-0.588711341976358,0.50489294595791,0.772109823386075,-0.208480911931561,-0.0289783038436437,-0.943650497858285,-0.565774829445917,-0.920639627225028,-0.94703903351601,0.465759785716472,0.00190965411801882,-1.46988613122757,-0.696370913673497,0.721610585674497,0.939023702752493,0.818713773867049,1.26095166419366,0.504535743972627,1.97650332829637,1.5152295246128,-1.03739313931084,9.6312414790408
0.973849498427876,1.55761158084045,-0.182371020446813,1.32320414391597,0.767947906987211,-0.330229428090295,0.257394236953378,-0.262102958387559,-0.366001443956316,0.19266588232398,0.341079084031876,-0.667856486261221,0.0113223259492148,-0.428301709925413,-0.464695034232974,-0.252152378054402,0.707402085769703,0.0974633174083509,-1.07179377046223,-0.394381177394576,-0.488078213529772,-0.276191592994657,-0.508963461975049,1.41660145071839,0.803661398971681,0.0955078042434202,0.00885705149740788,-0.402155294854384,-1.4740521582274,-1.16308098705649,-1.03131422982121,-0.214023041709335,-0.450424317485444,-0.400745059881643,0.0844326366845876,-0.614557248872899,0.0623905524985271,0.394279072580869,0.755877441096028,0.578753482391673,0.226907271514933,-0.322676242100371,-0.186751142582861,-0.790171369659257,-1.51299853774837,-0.16294691645422,-0.352108496321155,-0.197643139299695,-0.788325757573,-1.6082850709668,31.6061053538904
-0.341689539899831,-0.718898094961428,0.00508424537439181,0.414461024966197,-0.385281862768218,0.204843565884512,0.267267112327677,-0.189648639026134,-0.16005980850471,-0.747031395313759,-0.933422019301858,-0.738253525292579,0.111392200934165,-0.165833074360223,0.607961959793187,1.35422501904855,0.585891108716455,-0.663600537453638,-1.78798674063419,-1.66820853772099,-0.830315412287646,-1.56754052920976,-1.09608725980686,-1.40475316067484,-1.45225927499051,-0.993536881036865,-1.39936299892029,-0.66682309933036,0.421581294399919,0.400920387403305,0.428296606259391,1.58809671339875,-0.379157207294363,-0.661528964408035,-0.438457853863521,-0.707203713670148,-0.0595285376407054,0.379666650803798,0.260987074192224,0.807649193025106,0.228790614344151,-0.487362359741766,-0.475859839324006,-0.266280018231553,0.257335871473661,-1.45764671411878,-1.15888425046709,-0.137237881312462,-0.401114973495848,-0.0200446288980266,-12.271629450105
-0.702260277239984,-0.658116894173985,-1.18870967891353,-0.633474055882905,-0.7471589240242,-0.509034042607525,-0.227575432262944,-0.233765136170164,0.443537050441486,0.19873776583778,1.27879339747856,0.528850319290042,0.0274233368274776,-0.675300351618244,-1.04357380626145,-0.248091147823118,-0.742111161077721,0.0393826529302838,0.366040091240029,0.923982483182017,0.924658745776151,0.0830486051628485,-0.0515532887799623,-0.160194782987096,0.580769662083775,0.653060555615743,0.0428334806407916,0.0180640798412805,0.682111972024736,0.179280193295735,-0.615833229176121,0.600311316388969,0.809898415781549,0.85361534731352,0.486559236632376,-0.489448236976119,-0.382629367948268,-1.49673158901288,-1.94715103062285,-1.61485023891357,-0.814112110615213,-1.06429893547044,-0.910480349574738,-0.864064181708821,-0.761503027089235,-0.530388958924288,-0.914889540825122,0.316634482588512,-0.619606691242264,1.42142940672036,-23.4977518415515
1.37790945100971,2.31954730926347,1.45151014702578,1.21265300965153,0.623675947921951,0.984718048000227,1.18284562380228,1.53337652489747,-0.443584033621684,-0.681758706871418,-0.986082914434638,-0.567573776161698,0.266554937520381,-0.0601424708965326,0.293339530198296,-0.465688456216528,-1.51545619430178,-0.51034466088516,-0.15191412870103,0.642096483549849,0.365342426856833,-0.120919664106593,0.0157444030358603,-0.69324547469975,0.5681495001234,-0.0644889625731838,-0.538347946972957,-0.195532961148355,-0.0231132479213053,-0.745866127438464,0.390599085394598,0.326940266794301,0.241209836102175,-1.13943331961178,0.00829766043364828,0.211070102289299,-0.703499334894889,-0.652106967594716,-0.35521627818277,-0.944403449261085,-1.33052541500832,-0.96440368326076,-1.07980806676525,-0.651281012503186,-0.731338307784417,0.592304100053738,1.0829284517185,2.51819533129921,2.81536116323232,2.13215256854417,56.1894214366938
-1.29078297840398,-0.756283691185342,-1.20383195681897,-1.84180378717866,-1.55707455221851,-1.24219530396981,-1.22222442608279,-0.400512171341455,-0.583973928530975,-0.531038053061963,-0.631906414337051,-0.453857150285796,-0.90432190650369,-1.41739041611054,-2.02895718582993,-0.894907798883234,-0.0065908960496362,0.935534241740209,1.37998762754247,0.262400375096035,0.44384442518279,-0.0611718936279871,-0.550875569064071,-1.80584693413374,-1.00330968275824,-0.358992878628929,0.58708317771784,0.689564969217998,-0.36740202335237,-0.457508551897628,-1.56992229618613,-1.05728786139524,0.163934718138571,0.210751565139891,-0.647461018817038,0.517208678856529,0.198367814288584,0.313265266098279,0.780990045794251,1.15721795742079,2.02323344673547,1.04216861913884,0.810204824646942,-0.247515160774003,-0.865415548442618,-0.811769072429784,-0.966594795068818,-0.98848955676331,-0.116937276762288,0.211339862235305,-56.6925997780219
0.684447072558661,-0.225362433070531,-0.942721881014689,-0.189149538844682,-1.02120701822785,-1.01019984662815,-0.29403147666908,0.0105359503387295,-0.131647419236527,-1.66173404993097,-1.99320858349054,-1.3836648087809,-2.04629571649419,-2.5230448395644,-1.83711340515068,-2.5251909596148,-0.663160331365165,-1.63793905417402,-1.78374148005644,-1.33599886540415,-1.92292941473346,-0.409560608860455,-0.421086668114745,0.224710913436312,-0.774679320781114,-0.128572446050583,0.29279991520776,1.04166013702213,0.374144015783473,0.638407743040119,0.441701089918527,0.198138107216974,0.532823808842374,0.194679337882364,0.136100499497682,-0.494711686822976,-0.521892312118401,-0.869845036451058,0.277254173098588,2.10604290504718,0.52341343405809,1.10232732171362,1.23237968668661,-0.200879591726485,-1.1827256999944,-0.893963055415183,0.722245837544913,0.662899350084091,1.18252810767098,0.502073155433483,-18.5523723240056
-0.106486239020864,0.267667394904096,0.449062090921498,0.713605102572822,0.179543986120603,0.303581328548131,0.69734589813229,0.0477431164311941,0.220357613268582,0.734507901701309,1.09262750036548,1.39916259683158,1.79367374481876,1.37637047753594,-0.0119228843646269,0.472614822331635,1.01250080415387,0.0572300989306142,-0.174968384247058,-0.622709754701265,-1.67917451052204,-1.84755019556039,0.147039305584444,-0.0828934688877588,1.06696484175181,-0.149808589514962,-0.132653066685488,-0.184419593863218,-0.588281539024145,0.909321396363823,-0.2524358248568,0.151227721657811,0.00406875117763992,-0.931570363225333,0.170641158382827,0.0372655716920293,-1.63283284103003,-1.17428129705174,-1.44031214790439,-0.877618958943425,-1.16060390635918,-1.27623670024056,-0.0912149902682249,-0.443355748225102,-1.64375741940685,-1.66533789085802,-0.792321651801823,-1.19880103480392,-0.866244083172454,-0.523733248845445,15.4859139945556
-0.413249472247568,-1.06250689291499,-1.49178460674689,-0.657816527424182,-0.00431736314617831,-0.795718365099579,-0.302038319226761,-0.265187629953199,0.00779660183375383,0.906620676582909,2.11991163052963,1.69128582872915,1.91885439825203,2.09032074316054,2.41174834142508,1.53024808178433,2.24523874213284,1.43403194635089,0.452416377522847,1.25540675848722,-0.70063132709441,0.0550646692525966,0.456401069217211,0.999935761740986,1.30181828960771,1.16928490883393,0.180172931281224,-1.36901676032295,-1.49472494080778,-0.217302998646813,-0.310761598963792,0.449490172238194,1.6038386736106,1.90604072686188,1.09055576133513,1.11214502294966,0.67081947563435,-1.07323656035819,-1.79299347545576,-2.63023750518141,-1.03500161602749,-1.08198797285528,-1.00337487003232,0.279907852244177,0.253803510405339,-0.340635985403796,-0.214990125559685,-0.769035379872284,-2.0854744017343,-1.95827553977446,-14.9227444159342
0.792144916423942,-0.323425101721722,-0.362882787751766,-0.408248118376015,-1.35228528688356,-1.18495058091166,-1.84417207978822,0.877898197077493,1.45865607498878,0.691511225827279,1.28210006022455,0.724530682431717,1.05694558059439,1.84421324684352,2.15314284789756,1.52214503525505,0.300236626010216,1.38268937047573,1.08645181592263,1.95486663060932,1.27038900310958,-0.800313164587555,-1.28518731150771,-0.689305123480627,-0.321826115947553,0.593869830393439,-0.831755037476316,-0.158379294711787,-2.18697467665024,-2.01429944344832,-1.85804138161938,-0.734380455003491,-1.42839684623246,-0.383795877392925,0.0922763575495391,0.482762214578963,-0.373827544623927,0.0587302728147586,0.018147842453624,-0.199666647067083,0.661736448946113,0.271170679384512,-0.189104466404294,-0.249379200172983,0.163094961575338,-0.241246311733433,0.844580929048383,0.820484053663016,1.00955208239375,1.97019931182317,-3.47054647217358
1.8138550866008,1.56234233351294,0.152152078061988,-0.956323177142056,-0.210950261523524,-1.55162366417226,-1.88948778299369,-0.93214350747112,-0.154994661913647,0.45589024264955,0.707461711018249,-0.346398864963904,-1.61875801805932,-1.85840071990021,-1.45975394717462,-0.70457412088447,-1.12544032020581,-0.798076148841819,0.0611522030286483,0.256423044613032,-0.48542201968319,-1.39360020858508,-2.57768891826383,-2.17175958716791,-0.729705618783479,0.398448198546262,-1.15220073349278,0.631305338620593,-0.656755086950112,-0.599627009335654,-0.755499812141264,-0.243623886172558,-0.0758057590988547,0.0721557101975253,-0.979355816085238,-1.89869880325158,-1.18519312465213,-0.91026902358087,0.571209991264698,0.584608099067323,-0.185644228826681,-0.0033062076944098,-0.391131018017068,0.748081830103593,0.474215650007256,-1.34397211479173,-0.816062065438226,-2.08368022880558,-0.535394450667252,-0.128834488726588,22.8445053555909
-0.539600711056731,0.339935059322326,0.288051380114503,1.62585062244055,2.74844264170851,1.71109200393714,0.0608911425053651,1.07412272008863,0.957121597780363,0.201049684683877,1.3264711163911,0.687982249688967,0.0699332962215647,0.138840721161404,-0.940156299599218,-0.288637351741716,-0.467609786111286,-0.710499846385358,-0.293576086690696,0.0638388639844841,0.421429134251253,-0.412698866270699,0.764993385509094,0.563321653890295,0.463528474200608,-0.437719154622298,-1.21042495766617,0.785733017549774,1.33542335271683,1.75626544927129,1.39691975884461,0.959550760925522,1.10173451977982,-0.627064187399283,-0.908554213989784,-1.35317189902536,-1.22678518080042,-0.340296255935074,-0.598931695494543,-1.39035260062761,-0.939259879912707,-0.775500238209782,-0.82364309497305,0.0193986717589477,-0.567173113847827,0.264720788155097,1.09365089140374,0.236289952352687,0.839637044719768,1.03493647256088,21.198177260922
-1.05505915731024,0.261469984268595,0.773182768839083,2.05547718928083,1.40579531683088,1.46325553583975,0.49074673280325,1.63718439088235,1.21477437303145,0.0459948890049103,0.678721258128283,0.426002331095513,-0.809434444128675,-2.09318089043096,-1.27631016513038,-0.198914521387918,-0.149364327531945,-0.81972719747324,-1.99496826969693,-0.637647895345898,-1.26443077566462,-1.72388411443032,-1.91326828803275,0.823427157583406,-0.182917296038495,-0.126402629589141,-0.670344556664005,-1.15009236599703,-2.01533123037299,-1.34302137780863,-0.634960167618313,-0.553699684788568,-0.0321442254181388,-0.168302734122064,-0.534592582723994,0.0472838823876172,0.846899776925559,1.2102038034044,-0.07120196718565,0.00425687621833638,0.117034675757342,0.855578719289582,-0.450854256613996,0.718165600989086,2.76481408593687,1.94610840722594,2.02699576875517,0.349626432063729,-0.531235602702805,-1.29584048801436,14.2716778080476
0.886971538790198,0.285169335989982,-0.515357486504627,-0.199578106392578,0.35898936557345,-0.125553652872784,0.369943467962044,-0.81631119493222,-0.286140908113604,-0.37907595185228,-0.27261331127121,-0.9958611354536,-1.5927066863909,-1.29103113454242,-1.19863218899908,-2.07472406274317,-0.580680521970522,-0.478140633046921,-1.26388881843988,-1.00585711546017,-0.577977046229918,-0.269335650719146,1.03206530397562,1.6253754518217,-0.286470476064146,0.346587232043687,0.145626142396202,-0.0126058851290009,-1.33670910851107,-0.0672842808169627,-1.34930581055563,-1.19413461748532,-1.16980378504733,-0.670761411671459,-0.657724646009046,0.328388931212859,0.220428009649705,-0.324594953414584,0.387729663285327,-0.162589316319607,0.995308938373279,0.140981665161997,-2.0037040902962,-1.39112066324813,-0.984414140828617,-0.788227058656165,-0.915274037916597,0.225127966584312,0.645355487513586,-0.124371200876686,2.0988569703339
-0.693851575091467,-1.0195746446528,-1.18704398713,-1.10818194346372,-0.313441759314291,-0.120237776259675,-0.0852478860653285,-0.100740856633075,-0.786021852351189,0.186935765753272,-0.0456864109944627,0.33951218476427,0.180342966046576,-0.526130149841689,-2.25157454681834,-2.83388188078689,-0.969959485329393,-0.769567831844129,0.653707158919447,1.03861251112791,1.05296022285966,0.430663533857896,1.01107263991945,0.812573854690022,0.516181318194413,0.543259313667059,0.0688307221080757,0.872141886662487,1.1509876008514,0.35552261324601,-0.388411921133015,-0.178726394434662,-1.74737757576067,-1.01655610941144,-1.36923925436605,-1.20536605500076,0.0686126880250625,-0.591449890536194,-1.4549269923076,-2.16253929673961,-0.658928248342573,-0.49571198208814,-0.261285608037367,-0.0351246483505464,-0.817701065889036,-2.02110599477224,-0.698326375470498,-0.325942248018027,0.258704414015312,-0.0848111700800342,-32.7722843035601
0.0745694846984166,0.514727989228248,-0.257105154870332,-0.34380844355876,0.695633510464536,0.779862350044821,1.35634991887979,0.746926179676234,0.734405547882743,0.504985473955741,1.11076833635994,-0.172276985147371,0.781699564950941,0.804593512026095,0.34223188058475,0.318987119285337,0.912594394369155,0.539599996053833,0.0949954739327492,-0.645430954484618,-0.271494826661096,-0.511075624721455,-1.47106791716506,-1.12957267958381,-0.33610189422794,-0.454299379694951,-0.105538626741578,-0.481396697984064,-0.494590727744641,-1.33475114812371,-0.813535312656718,-0.355649388855684,0.364602006698818,0.521947719877196,1.06201874951241,0.635486622862313,0.313082074157982,0.477888216980292,-1.01762866079032,-0.657353546877384,-0.968713092359691,-0.79893721482367,0.365899909920762,0.599372642087844,0.636227010651167,0.66241658626336,0.552815224306825,0.7688775179618,0.719406413943968,-0.887674766086364,9.28131035724764
0.0242229522655303,0.263013728754902,1.87372020846313,1.95170537907298,1.35972052048787,0.527566947742986,0.193863913878634,-1.49276621072559,-0.637017736554796,-0.396932396316215,-0.640875150390651,-1.92941922763863,-0.657377594962648,-0.426201335004498,0.195520166596172,0.136559676344953,0.0278145994548162,0.282382730851365,1.40151677853521,1.31320737563875,0.438093252662159,-0.154079655629685,1.22292718656738,0.545475795322316,1.3797206617635,1.18698454191952,1.65980535388863,2.34627606561124,0.878930150203745,-1.36312074605713,-1.0264125481215,-0.318465828187558,-0.418001323783448,-1.41994999237294,-1.37550747679358,-0.790301541960572,-0.967892302947307,-1.26004766445929,-0.8388793433452,-0.976548606898345,-1.72365576568102,-1.86097050699252,-0.729145601167875,0.915526246265488,-0.228401426282087,-0.968093956500383,-1.79878162845152,-1.57851808260546,-1.65747075724697,-0.57965994843005,19.7172502737396
-0.0879394256852259,-0.210532893534199,0.126682690634056,1.03351327977456,1.1598967839637,0.597902777301668,1.55507240965147,2.17463568845363,1.02187773523433,-0.628211208413932,-1.99808897105661,-2.40710709420179,-0.992800525371434,-0.361137339251073,0.887086490285663,-0.0843378421278287,0.496374576902251,-0.339625866915598,-0.879635231764712,0.329891854812573,0.143988907892368,0.0675892213349971,-0.129056688647675,-0.572441254990838,0.116090941757837,0.0458296719341964,1.27431794579823,0.811592301393109,0.651161358640244,1.05636803184525,0.565822228324627,1.29295709360081,0.856630578128645,0.642158957251995,1.54881693327988,1.25180123651012,1.05631132558834,3.26197078548589,1.35379564261301,0.767536075040158,0.548921136378403,-0.0724816347810795,-0.241179428498489,-0.859714974015197,-0.183427173694472,-0.92100762714272,-1.78468469461072,-1.34083479206261,-0.926079543087419,-0.806525338565705,11.1416874112141
-1.22680984563065,0.129276807522873,-1.01830377514083,-1.73810615182213,-1.40246631185255,-1.59725172063748,0.0345282405459577,-1.43255223684794,-2.22062884921244,-2.55170847423448,-1.42439813282787,-1.53234698932807,-0.733123300588802,-1.58032409466354,-0.846261146358765,-0.027184772738361,0.180063060052181,-0.780366952613273,0.0772208434873118,-1.34094770595724,-0.347896447360916,-1.37358459295289,-0.301640809500593,0.142061516168665,-0.417599728821626,0.495866024281985,-0.159098823894585,-0.452463153735647,0.0637357750937749,0.45600792797514,1.19128457010657,1.33685474143814,1.85075271518947,1.47032391409319,0.91507826403111,2.08815503053584,1.68415604829805,1.51140663746998,0.763234831242567,-0.374081851768035,-0.808005331282935,-0.499240737566517,-0.425257255774,0.0952585296944968,-0.392391851964609,0.666246846588157,0.123682329863048,-1.18607001928466,-1.19506892876599,-1.39053855558686,-42.2949108334047
1.34875808187777,1.43067373769373,2.0897956037955,0.609331894305876,0.342136762473656,-0.750921477100633,0.383022335469785,0.982685221443599,1.44215021002354,1.6231303377925,1.93671689025876,2.09324437937686,0.252406352718541,1.07435971646794,0.40239330144289,-0.289478086239383,-0.31097356329742,-1.43216298900576,-0.907293425973604,-0.298564631306512,-0.64729389121723,-0.0415930254468624,0.450615123143458,-0.662485746456638,0.345703170294194,0.543830698391241,0.093139771720592,0.00919833047398877,0.0865560279694733,0.221185515553794,1.70127039860407,1.2378061933834,0.770942525279718,0.856360562542398,-0.0945393298226819,-0.211522822470533,1.11116762226223,1.0397430283294,0.44452562794921,-0.01253373379933,-0.0684947651885363,-0.721424506613347,0.00848943681767425,0.624123424672003,0.845293832820039,0.31798204369635,-0.357334876257477,-1.2890760499711,-1.49282334011566,0.0201375297083177,47.5932021177616
1.61136648046973,1.69046066346292,1.41114769719427,0.674678572308798,0.438498545284917,0.455919218290095,0.842655032603492,1.77826265200384,0.376535472662989,-0.0358856554523121,0.28454561784326,-0.524718265005132,-0.190844237587219,0.493473910616357,0.142261596045091,0.832395327690197,-0.321906067984382,0.532276733511819,0.141232676649727,0.831412745713724,0.871054749725261,1.14414120047434,2.1858076165722,2.13347239933737,1.45426261806477,1.93439143500297,-0.717885894232739,1.30363073312384,0.522968373135183,0.403398206636962,-0.0786786219363656,-0.770791993863157,-0.580422890724724,-0.632449394828099,-0.213920400555237,0.892318750979142,-0.126206024816588,-2.12157691615268,-2.0905477747662,-1.63048530428242,0.135399075394598,0.792114387272303,-0.132126216911555,0.642211266281263,-0.438588311628297,-0.177459178674243,-1.31528591576527,-0.751091050358457,-0.110251172801678,-0.36560217514077,50.7087014612596
-0.452085199499117,0.490952034088288,1.52188469079905,1.5787336860871,0.344424021511137,-0.0870365930213807,-0.392815080126233,-0.481929642599293,1.00405916879171,1.80254832623575,0.401304512657526,0.440407877630451,0.536032135058639,0.940791687055341,1.17619918432704,1.61036133985922,1.95888403038591,2.09296724658094,0.594094814020034,-0.334379361364888,0.623413506760329,0.625991532049808,-0.464111131131484,-0.984612964587395,-0.801557556937363,-0.421163121598317,-0.358214779381147,-0.960445303588829,-1.29836355469899,-0.361266010066439,-0.902140252998357,0.26900313365023,1.4060956153003,2.04187496407096,1.62553815659106,0.313063054483938,1.86874258276165,1.86011889749301,1.5623708249196,0.782430356827221,0.805255050798725,0.0154712329241438,-0.619219241856995,-1.45622118399253,-0.801127642318918,-1.14712611317968,-1.32179561840351,-0.425213267173299,-1.49573265807639,-0.890537078815277,23.4872448674908
0.931332956762812,1.28498739975886,-0.000265277342370007,-0.674269892871792,0.992805529798333,1.01465508365271,0.240788963702777,1.03621358035357,0.291415734156158,-0.518029600107524,-1.56653852220244,-1.27803946917919,-1.30602317872671,-0.588437574447238,1.14155460470166,0.906877432252063,2.06267687823236,1.20240721598423,0.447520817483097,0.38219894410968,-1.28235120044546,-0.81896637483056,-1.10162157658774,-0.977449242018421,-0.573631505512907,-0.301497233150011,0.607683893769465,0.410570724962235,1.21687879004062,0.851961232482898,0.73380870747901,0.616504542052349,0.299150066576882,0.0650273497128693,0.0529763371004691,0.407192929196086,0.49817383236723,0.299658846411628,-0.0891030147705714,1.01226869957462,0.594618455360618,1.20717946871198,1.87481932812127,1.70464292497063,0.619068194490831,0.657471938515134,-0.0218654287676768,-0.79002051028754,0.184070214161082,-0.913794355994988,26.477984110003
0.506548552490929,0.131871613878885,0.74262251716396,0.490375290888137,-0.204559643103749,-0.0593397770876918,0.216338738699541,0.0621471081650208,-0.994955183769797,-1.67809547973872,-1.02123568829347,-1.45037223989118,-1.23700742662796,-1.44489452807725,-1.11699281857147,-1.68512573094104,-2.01276664721847,-2.00750841563247,-0.719653602616048,-0.491028511191293,1.245432025594,0.604606147732433,0.203587055882188,-0.561056709435094,0.156985389914626,-0.272743387674581,0.303298165863188,0.715151921803039,0.459057405346058,0.550048442291012,0.486908047705773,-0.41913379937594,-1.54815663892489,-1.42978986032633,-1.42140748118186,-0.58200475746177,-0.318856198574877,-0.475732890954052,-0.0655540952417286,-0.00281895601766104,-0.0804028112673829,0.641568583370839,0.423154618770137,-0.397385983493962,0.145086292883581,-0.526640115637203,0.657749417738802,0.585722784791591,0.247788031529831,0.0221426778793777,0.596532127981251
-1.64247548725637,-2.23643182768414,-1.64335414500547,-1.93464138461123,-1.61875129643615,-1.81505599257502,-0.897019469010736,-0.55850035390607,0.169109986873422,-1.84372941776026,-2.35304968457622,-2.44981820973805,-2.22343326376478,-1.58644576163191,-1.31576949546656,-0.0874309195436904,0.327326620433123,1.18240113414857,0.690805809423572,-1.33256847938093,-0.145649458061359,0.699095576206115,1.45205491792308,1.70763767968718,0.508729451494042,-1.02373619446092,1.00381418416616,0.528402329884062,0.865670143360074,0.481895029273306,1.40714379204036,0.321067085746852,0.0722762778408452,0.480690371185681,0.336830001553768,1.86599611856143,1.74480150210638,1.19040084394259,1.06473187233964,2.18371713642272,0.66159497210756,0.464439091195458,0.433350469675889,1.25860347693918,1.43781909299596,0.418631377363488,-0.0231253603194568,-0.289163197018729,-0.243933576007643,0.768471244576677,-78.8176278938424
0.704507357309873,1.009938642472,0.868029110871396,1.07554244466388,1.18035365136451,0.250241332373678,0.754911404229088,1.3783400659255,0.760849611404267,0.917532199554536,0.176180687660354,-0.30860117194778,0.650030691977872,0.777210087948806,0.276412222066011,-0.540155742592091,-0.745022324064671,-0.352001205370469,0.277447712158997,0.290717492966935,-0.912646697787422,0.246797301038448,0.18595847086973,1.54547281942481,0.0406970460778578,-0.150926871395456,0.513485401094197,0.811299408991381,1.7941675685587,1.07785985734936,0.16309090775775,-1.06611396873038,-0.0625987884535289,0.0823234587694796,-0.820685281831247,-1.47643330644713,-2.54513926586976,-1.95223950877861,-0.786476997935406,-0.0411575033599048,0.291355573073103,0.974853653114306,-0.460109519077332,0.777243052600498,-0.916544890317936,0.115922868038216,-1.64775089122022,-1.68027854095769,-2.02863868544424,-2.31512939860291,38.968635006297
0.631529816715391,-0.395750302892777,-0.200047193491989,-1.49616884448793,-0.92683726751474,-0.287834517260897,0.740331159550958,1.60426648018836,1.72420228738037,1.22566326251963,0.936536670023554,-0.00362561982515073,-0.465739837013891,0.293281069151432,0.00552872923005499,0.29486521369095,0.976785721231563,-0.179286512713409,0.0552434762516398,0.381967754855194,0.696526042208641,-0.293333710561168,-1.31035075348101,-1.32952505804407,-1.07921040649457,-1.1194097389,-0.278354297104695,0.622718571024414,0.512708306635466,0.988101731005033,0.669032301060253,-0.431767687281137,0.523669452641151,0.311193739486624,0.52295896242849,1.25442592655737,1.32278629095136,1.76219278232316,0.736872308181409,-0.371411643261466,0.457518280239755,0.162703060600645,-0.750183341735937,-0.692378004181608,-0.223268233278387,-0.0415913987793267,0.0589124168818185,-0.353005184042251,-0.829837370480211,0.445068680694566,-6.31467678833382
-0.186276125682356,0.739384767642294,0.0475052230482686,-1.34313421494471,-0.416604803316136,0.29739029541206,0.093659660990769,-0.67562144014616,-0.550206102989787,-0.767196840549767,-1.24387324841772,-0.958232262163629,-0.488753846631357,-1.08278856303752,0.460447756384039,-0.137370667588859,1.13107293285372,1.09328638684518,1.94244442806642,-0.974787258647468,-0.49739309009369,-1.59099396900457,-0.428277289620905,-0.87554151057127,-0.205043988239662,-0.233605347686395,-0.219956634340125,1.72626579791717,1.77611217112203,-0.129878046024124,-0.869743550105713,-0.136416418128783,-0.336386749849839,-0.448668967595913,-0.198588847943953,0.103860976447548,1.38688845887515,0.946544890366168,0.850181382964196,0.323039152004562,-0.521198970260038,-1.40666920991062,-2.34155326304747,-1.53490477713201,-2.73098943355197,-1.43034317863164,-0.52034207519215,-0.878349711208109,-1.45797292003281,0.00842599662086527,-10.7122384098892
-1.06867954397826,0.508399552264777,0.62012142722332,-0.376808869878174,-0.555084207816789,-0.365483176839364,0.00682290447481427,1.06023356098121,0.47209099725153,1.68724891554828,1.66125462746642,1.31188297772148,0.164378565416771,-0.0825750576926501,-0.820002728412317,-1.0941533936574,-0.793719442870944,-0.850460758797683,0.751957399604931,1.20438383332159,0.812607743008456,0.0608014125292501,0.0501574771326178,0.549695524747702,0.000599707975173558,-1.46107250653896,-3.08526753854741,-2.32521897924352,-2.1909006988629,-0.712191335813714,0.211551717734713,-0.614811111409918,-0.636175360980841,0.139638811083429,-0.0530283399934222,-0.480521660375677,-0.355443554821928,-0.370015191895324,0.0759197289939371,-0.63666549473805,-1.14716574702149,-0.486471706551244,0.105946230184309,-1.23248564926372,-2.30035222672032,-1.09044016654213,-0.806907635232184,-1.10202288380386,-0.119082303759095,0.942386763407772,2.11743418858807
-1.04735824137726,-1.17636229232261,-0.764820109492063,-1.86362487019967,-0.365341771256432,0.640061174837919,-0.612380467158611,0.26130005293809,0.720964109537039,0.674578318964781,0.660416879069413,1.76222499600316,1.01842387124189,-0.0248791883386738,0.249872877291755,-0.446004179821081,-0.13551645633975,0.0923854807617582,-0.340428515554058,-0.329977221916737,-0.123709697044529,0.967342499697886,0.7843355041405,2.05652345501478,1.11333807202352,-0.00257629349199922,0.318255660029983,0.346868616345995,-0.295618264322528,0.0559401493785602,0.658271085101673,-0.618153461678052,-0.586740875069582,0.259339582311783,0.683576563370554,-0.484523924761858,-0.376582403825805,-0.784006010337527,-1.00608359883336,-0.311454693220213,-0.871824054809868,-1.10918858224496,-0.475918305009245,-0.346065631810176,-0.297665874621895,-0.0607811623502359,-0.1674457083684,-0.527524425458513,0.9243769424958,-0.0426177560636015,-35.7405093208217
